,ENGAGEMENT STATUS,,,,,LGU PROFILE,,,,,,,,,,DECEMBER 2024,,JANUARY 2025,,FEBRUARY 2025,,,MARCH 2025,,,APRIL 2025,,,MAY 2025,,,JUNE 2025,,,JULY 2025,,,AUGUST 2025,,,SEPTEMBER 2025,,,OCTOBER 2025,,,NOVEMBER 2025,,,DECEMBER 2025,,
LGU FULL NAME,YEAR OF ONBOARDING,ACCOMP PERIOD,ENGAGEMENT DATES,,,GEOCODE,,NAME,PROVINCE,REGION,LEVEL,INCOME CLASS,DICT RO,MPAR,SORT,STATUS,USTATUS,STATUS,USTATUS,STATUS,USTATUS,REMARKS,STATUS,USTATUS,REMARKS,STATUS,USTATUS,REMARKS,STATUS,USTATUS,REMARKS,STATUS,USTATUS,REMARKS,STATUS,USTATUS,REMARKS,STATUS,USTATUS,REMARKS,STATUS,USTATUS,REMARKS,STATUS,USTATUS,REMARKS,STATUS,USTATUS,REMARKS,STATUS,USTATUS,REMARKS
,,,"(REPLY SLIP DATE)
mm/dd/yyyy","(EMAIL REQUEST DATE)
mm/dd/yyyy","(REQUEST PROVIDED)
mm/dd/yyyy",NEW,OLD,,,,,,,,,2024-12,2024-12,2025-01,2025-01,2025-02,2025-02,2025-02,2025-03,2025-03,2025-03,2025-04,2025-04,2025-04,2025-05,2025-05,2025-05,2025-06,2025-06,2025-06,2025-07,2025-07,2025-07,2025-08,2025-08,2025-08,2025-09,2025-09,2025-09,2025-10,2025-10,2025-10,2025-11,2025-11,2025-11,2025-12,2025-12,2025-12
LGU FULL NAME,YEAR,ACCOMP PERIOD,LOI DATE,REQUEST DATE,COMPLETION DATE,GCODE,OLD GEOCODE,NAME,PROVINCE,REGION,LEVEL,INCOME CLASS,DICT RO,MPAR,SORT,2024-12,2024-12,2025-01,2025-01,2025-02,2025-02,2025-02,2025-03,2025-03,2025-03,2024-04,2024-04,2024-04,2024-05,2024-05,2024-05,2025-06,2025-06,2025-06,2025-07,2025-07,2025-07,2025-08,2025-08,2025-08,2025-09,2025-09,2025-09,2025-10,2025-10,2025-10,2025-11,2025-11,2025-11,2025-12,2025-12,2025-12
"City of Ilagan, Isabela",2022,2022-12,,,,02-031-14-000,02-31-14-000,City of Ilagan,Isabela,Region II (Cagayan Valley),City,1st (as Mun),R2,A,D,#N/A,#N/A,[1] Operational,[A] Operational,[1] Operational,[A] Operational,,[1] Operational,[A] Operational,,[1] Operational,[A] Operational,,[1] Operational,[A] Operational,,[1] Operational,[A] Operational,,[1] Operational,[A] Operational,,#N/A,#N/A,#N/A,#N/A,#N/A,#N/A,#N/A,#N/A,#N/A,#N/A,#N/A,#N/A,#N/A,#N/A,#N/A
"Rizal, Nueva Ecija",2022,2022-12,11/21/2022,,,03-049-23-000,03-49-23-000,Rizal,Nueva Ecija,Region III (Central Luzon),Municipality,2nd,R3,A,E,#N/A,#N/A,[1] Operational,[A] Operational,[1] Operational,[A] Operational,,[1] Operational,[A] Operational,,[1] Operational,[A] Operational,,[1] Operational,[A] Operational,,[1] Operational,[A] Operational,,[1] Operational,[A] Operational,,#N/A,#N/A,#N/A,#N/A,#N/A,#N/A,#N/A,#N/A,#N/A,#N/A,#N/A,#N/A,#N/A,#N/A,#N/A
"Santo Domingo, Nueva Ecija",2022,2022-12,11/16/2022,,,03-049-29-000,03-49-29-000,Santo Domingo,Nueva Ecija,Region III (Central Luzon),Municipality,3rd,R3,A,E,#N/A,#N/A,[1] Operational,[A] Operational,[1] Operational,[A] Operational,,[1] Operational,[A] Operational,,[1] Operational,[A] Operational,,[1] Operational,[A] Operational,,[1] Operational,[A] Operational,,[1] Operational,[A] Operational,,#N/A,#N/A,#N/A,#N/A,#N/A,#N/A,#N/A,#N/A,#N/A,#N/A,#N/A,#N/A,#N/A,#N/A,#N/A
"Talugtug, Nueva Ecija",2022,2022-12,12/02/2022,,,03-049-31-000,03-49-31-000,Talugtug,Nueva Ecija,Region III (Central Luzon),Municipality,4th,R3,A,E,#N/A,#N/A,[2] Ongoing Testing and Data Build-up,[B] Developmental,[2] Ongoing Testing and Data Build-up,[B] Developmental,,[2] Ongoing Testing and Data Build-up,[B] Developmental,,[2] Ongoing Testing and Data Build-up,[B] Developmental,,[2] Ongoing Testing and Data Build-up,[B] Developmental,,[2] Ongoing Testing and Data Build-up,[B] Developmental,,[2] Ongoing Testing and Data Build-up,[B] Developmental,,#N/A,#N/A,#N/A,#N/A,#N/A,#N/A,#N/A,#N/A,#N/A,#N/A,#N/A,#N/A,#N/A,#N/A,#N/A
"Arayat, Pampanga",2022,2022-12,11/21/2022,,,03-054-03-000,03-54-03-000,Arayat,Pampanga,Region III (Central Luzon),Municipality,1st,R3,A,E,#N/A,#N/A,[1] Operational,[A] Operational,[1] Operational,[A] Operational,,[1] Operational,[A] Operational,,[1] Operational,[A] Operational,,[1] Operational,[A] Operational,,[1] Operational,[A] Operational,,[1] Operational,[A] Operational,,#N/A,#N/A,#N/A,#N/A,#N/A,#N/A,#N/A,#N/A,#N/A,#N/A,#N/A,#N/A,#N/A,#N/A,#N/A
"Macabebe, Pampanga",2022,2022-12,11/18/2022,,,03-054-10-000,03-54-10-000,Macabebe,Pampanga,Region III (Central Luzon),Municipality,1st,R3,A,E,#N/A,#N/A,[2] Ongoing Testing and Data Build-up,[B] Developmental,[2] Ongoing Testing and Data Build-up,[B] Developmental,,[2] Ongoing Testing and Data Build-up,[B] Developmental,,[2] Ongoing Testing and Data Build-up,[B] Developmental,,[2] Ongoing Testing and Data Build-up,[B] Developmental,,[2] Ongoing Testing and Data Build-up,[B] Developmental,,[2] Ongoing Testing and Data Build-up,[B] Developmental,,#N/A,#N/A,#N/A,#N/A,#N/A,#N/A,#N/A,#N/A,#N/A,#N/A,#N/A,#N/A,#N/A,#N/A,#N/A
"San Luis, Pampanga",2022,2022-12,11/22/2022,,,03-054-17-000,03-54-17-000,San Luis,Pampanga,Region III (Central Luzon),Municipality,3rd,R3,A,E,#N/A,#N/A,[1] Operational,[A] Operational,[1] Operational,[A] Operational,,[1] Operational,[A] Operational,,[1] Operational,[A] Operational,,[1] Operational,[A] Operational,,[1] Operational,[A] Operational,,[1] Operational,[A] Operational,,#N/A,#N/A,#N/A,#N/A,#N/A,#N/A,#N/A,#N/A,#N/A,#N/A,#N/A,#N/A,#N/A,#N/A,#N/A
"Baler, Aurora",2022,2022-12,11/14/2022,,,03-077-01-000,03-77-01-000,Baler,Aurora,Region III (Central Luzon),Municipality,3rd,R3,A,E,#N/A,#N/A,[1] Operational,[A] Operational,[1] Operational,[A] Operational,,[1] Operational,[A] Operational,,[1] Operational,[A] Operational,,[1] Operational,[A] Operational,,[1] Operational,[A] Operational,,[1] Operational,[A] Operational,,#N/A,#N/A,#N/A,#N/A,#N/A,#N/A,#N/A,#N/A,#N/A,#N/A,#N/A,#N/A,#N/A,#N/A,#N/A
"Paete, Laguna",2022,2022-12,,,,04-034-18-000,04-34-18-000,Paete,Laguna,Region IV-A (CALABARZON),Municipality,4th,R4A,A,F,#N/A,#N/A,[1] Operational,[A] Operational,[1] Operational,[A] Operational,,[1] Operational,[A] Operational,,[1] Operational,[A] Operational,,[1] Operational,[A] Operational,,[1] Operational,[A] Operational,,[1] Operational,[A] Operational,,#N/A,#N/A,#N/A,#N/A,#N/A,#N/A,#N/A,#N/A,#N/A,#N/A,#N/A,#N/A,#N/A,#N/A,#N/A
"Alabat, Quezon",2022,2022-12,11/22/2022,,,04-056-02-000,04-56-02-000,Alabat,Quezon,Region IV-A (CALABARZON),Municipality,5th,R4A,A,F,#N/A,#N/A,[1] Operational,[A] Operational,[1] Operational,[A] Operational,,[1] Operational,[A] Operational,,[1] Operational,[A] Operational,,[1] Operational,[A] Operational,,[1] Operational,[A] Operational,,[1] Operational,[A] Operational,,#N/A,#N/A,#N/A,#N/A,#N/A,#N/A,#N/A,#N/A,#N/A,#N/A,#N/A,#N/A,#N/A,#N/A,#N/A
"General Luna, Quezon",2022,2022-12,11/23/2022,,,04-056-16-000,04-56-16-000,General Luna,Quezon,Region IV-A (CALABARZON),Municipality,4th,R4A,A,F,#N/A,#N/A,[1] Operational,[A] Operational,[1] Operational,[A] Operational,,[1] Operational,[A] Operational,,[1] Operational,[A] Operational,,[1] Operational,[A] Operational,,[1] Operational,[A] Operational,,[1] Operational,[A] Operational,,#N/A,#N/A,#N/A,#N/A,#N/A,#N/A,#N/A,#N/A,#N/A,#N/A,#N/A,#N/A,#N/A,#N/A,#N/A
"Infanta, Quezon",2023,2023-01,02/10/2023,,,04-056-20-000,04-56-20-000,Infanta,Quezon,Region IV-A (CALABARZON),Municipality,1st,R4A,B,F,#N/A,#N/A,[1] Operational,[A] Operational,[1] Operational,[A] Operational,,[1] Operational,[A] Operational,,[1] Operational,[A] Operational,,[1] Operational,[A] Operational,,[1] Operational,[A] Operational,,[1] Operational,[A] Operational,,#N/A,#N/A,#N/A,#N/A,#N/A,#N/A,#N/A,#N/A,#N/A,#N/A,#N/A,#N/A,#N/A,#N/A,#N/A
"Sampaloc, Quezon",2023,2023-01,02/06/2023,,,04-056-39-000,04-56-39-000,Sampaloc,Quezon,Region IV-A (CALABARZON),Municipality,5th,R4A,B,F,#N/A,#N/A,[1] Operational,[A] Operational,[1] Operational,[A] Operational,,[1] Operational,[A] Operational,,[1] Operational,[A] Operational,,[1] Operational,[A] Operational,,[1] Operational,[A] Operational,,[1] Operational,[A] Operational,,#N/A,#N/A,#N/A,#N/A,#N/A,#N/A,#N/A,#N/A,#N/A,#N/A,#N/A,#N/A,#N/A,#N/A,#N/A
"Tanay, Rizal",2023,2023-01,12/16/2022,,,04-058-12-000,04-58-12-000,Tanay,Rizal,Region IV-A (CALABARZON),Municipality,1st,R4A,B,F,#N/A,#N/A,[1] Operational,[A] Operational,[1] Operational,[A] Operational,,[1] Operational,[A] Operational,,[1] Operational,[A] Operational,,[1] Operational,[A] Operational,,[1] Operational,[A] Operational,,[1] Operational,[A] Operational,,#N/A,#N/A,#N/A,#N/A,#N/A,#N/A,#N/A,#N/A,#N/A,#N/A,#N/A,#N/A,#N/A,#N/A,#N/A
"Tangalan, Aklan",2022,2022-12,12/06/2022,12/23/2022,12/27/2022,06-004-17-000,06-04-17-000,Tangalan,Aklan,Region VI (Western Visayas),Municipality,5th,R6,A,I,#N/A,#N/A,[1] Operational,[A] Operational,[1] Operational,[A] Operational,,[1] Operational,[A] Operational,,[1] Operational,[A] Operational,,[1] Operational,[A] Operational,,[1] Operational,[A] Operational,,[1] Operational,[A] Operational,,#N/A,#N/A,#N/A,#N/A,#N/A,#N/A,#N/A,#N/A,#N/A,#N/A,#N/A,#N/A,#N/A,#N/A,#N/A
"Pinamungajan, Cebu",2023,2023-01,12/16/2022,12/19/2022,12/20/2022,07-022-37-000,07-22-37-000,Pinamungajan,Cebu,Region VII (Central Visayas),Municipality,2nd,R7,B,J,#N/A,#N/A,[1] Operational,[A] Operational,[1] Operational,[A] Operational,,[1] Operational,[A] Operational,On hold data build-up; WP still not in the LGU's ordinance yet. Still deciding if they will continue the WP,[1] Operational,[A] Operational,On hold data build-up; WP still not in the LGU's ordinance yet. Still deciding if they will continue the WP,[1] Operational,[A] Operational,On hold data build-up; WP still not in the LGU's ordinance yet. Still deciding if they will continue the WP,[1] Operational,[A] Operational,On hold data build-up; WP still not in the LGU's ordinance yet. Still deciding if they will continue the WP,[1] Operational,[A] Operational,On hold data build-up; WP still not in the LGU's ordinance yet. Still deciding if they will continue the WP,#N/A,#N/A,#N/A,#N/A,#N/A,#N/A,#N/A,#N/A,#N/A,#N/A,#N/A,#N/A,#N/A,#N/A,#N/A
"City of Borongan, Eastern Samar",2022,2022-12,10/14/2022,10/18/2022,10/18/2022,08-026-04-000,08-26-04-000,City of Borongan,Eastern Samar,Region VIII (Eastern Visayas),City,1st (as Mun),R8,A,K,#N/A,#N/A,[1] Operational,[A] Operational,[1] Operational,[A] Operational,,[1] Operational,[A] Operational,,[1] Operational,[A] Operational,,[1] Operational,[A] Operational,,[1] Operational,[A] Operational,,[1] Operational,[A] Operational,,#N/A,#N/A,#N/A,#N/A,#N/A,#N/A,#N/A,#N/A,#N/A,#N/A,#N/A,#N/A,#N/A,#N/A,#N/A
"Claveria, Misamis Oriental",2022,2022-12,11/29/2022,12/05/2022,12/06/2022,10-043-06-000,10-43-06-000,Claveria,Misamis Oriental,Region X (Northern Mindanao),Municipality,1st,R10,A,N,#N/A,#N/A,[1] Operational,[A] Operational,[1] Operational,[A] Operational,,[1] Operational,[A] Operational,,[1] Operational,[A] Operational,,[1] Operational,[A] Operational,,[1] Operational,[A] Operational,,[1] Operational,[A] Operational,,#N/A,#N/A,#N/A,#N/A,#N/A,#N/A,#N/A,#N/A,#N/A,#N/A,#N/A,#N/A,#N/A,#N/A,#N/A
"Sulop, Davao del Sur",2023,2023-01,12/05/2022,12/12/2022,12/13/2022,11-024-14-000,11-24-14-000,Sulop,Davao del Sur,Region XI (Davao Region),Municipality,3rd,R11,B,P,#N/A,#N/A,[1] Operational,[A] Operational,[1] Operational,[A] Operational,,[1] Operational,[A] Operational,,[1] Operational,[A] Operational,,[1] Operational,[A] Operational,,[1] Operational,[A] Operational,,[1] Operational,[A] Operational,,#N/A,#N/A,#N/A,#N/A,#N/A,#N/A,#N/A,#N/A,#N/A,#N/A,#N/A,#N/A,#N/A,#N/A,#N/A
"Lupon, Davao Oriental",2022,2022-12,11/22/2022,11/22/2022,11/23/2022,11-025-07-000,11-25-07-000,Lupon,Davao Oriental,Region XI (Davao Region),Municipality,1st,R11,A,P,#N/A,#N/A,[1] Operational,[A] Operational,[1] Operational,[A] Operational,,[1] Operational,[A] Operational,,[1] Operational,[A] Operational,,[1] Operational,[A] Operational,,[1] Operational,[A] Operational,,[1] Operational,[A] Operational,,#N/A,#N/A,#N/A,#N/A,#N/A,#N/A,#N/A,#N/A,#N/A,#N/A,#N/A,#N/A,#N/A,#N/A,#N/A
"Manay, Davao Oriental",2022,2022-12,11/16/2022,11/17/2022,11/18/2022,11-025-08-000,11-25-08-000,Manay,Davao Oriental,Region XI (Davao Region),Municipality,2nd,R11,A,P,#N/A,#N/A,[1] Operational,[A] Operational,[1] Operational,[A] Operational,,[1] Operational,[A] Operational,,[1] Operational,[A] Operational,,[1] Operational,[A] Operational,,[1] Operational,[A] Operational,,[1] Operational,[A] Operational,,#N/A,#N/A,#N/A,#N/A,#N/A,#N/A,#N/A,#N/A,#N/A,#N/A,#N/A,#N/A,#N/A,#N/A,#N/A
"Laak, Davao de Oro",2023,2023-01,01/05/2023,01/06/2023,01/10/2023,11-082-02-000,11-82-02-000,Laak,Davao de Oro,Region XI (Davao Region),Municipality,1st,R11,B,P,#N/A,#N/A,[1] Operational,[A] Operational,[1] Operational,[A] Operational,,[1] Operational,[A] Operational,,[1] Operational,[A] Operational,,[1] Operational,[A] Operational,,[1] Operational,[A] Operational,,[1] Operational,[A] Operational,,#N/A,#N/A,#N/A,#N/A,#N/A,#N/A,#N/A,#N/A,#N/A,#N/A,#N/A,#N/A,#N/A,#N/A,#N/A
"Mawab, Davao de Oro",2023,2023-01,11/29/2022,12/12/2022,12/13/2022,11-082-06-000,11-82-06-000,Mawab,Davao de Oro,Region XI (Davao Region),Municipality,3rd,R11,B,P,#N/A,#N/A,[1] Operational,[A] Operational,[1] Operational,[A] Operational,,[1] Operational,[A] Operational,,[1] Operational,[A] Operational,,[1] Operational,[A] Operational,,[1] Operational,[A] Operational,,[1] Operational,[A] Operational,,#N/A,#N/A,#N/A,#N/A,#N/A,#N/A,#N/A,#N/A,#N/A,#N/A,#N/A,#N/A,#N/A,#N/A,#N/A
"Kabacan, Cotabato",2022,2022-12,,,,12-047-03-000,12-47-03-000,Kabacan,Cotabato,Region XII (SOCCSKSARGEN),Municipality,1st,R12,A,Q,#N/A,#N/A,[1] Operational,[A] Operational,[1] Operational,[A] Operational,,[1] Operational,[A] Operational,,[1] Operational,[A] Operational,,[1] Operational,[A] Operational,,[1] Operational,[A] Operational,,[1] Operational,[A] Operational,,#N/A,#N/A,#N/A,#N/A,#N/A,#N/A,#N/A,#N/A,#N/A,#N/A,#N/A,#N/A,#N/A,#N/A,#N/A
"Sablan, Benguet",2022,2022-12,,12/23/2022,12/27/2022,14-011-12-000,14-11-12-000,Sablan,Benguet,Cordillera Administrative Region (CAR),Municipality,5th,CAR,A,B,#N/A,#N/A,[1] Operational,[A] Operational,[1] Operational,[A] Operational,,[1] Operational,[A] Operational,,[1] Operational,[A] Operational,,[1] Operational,[A] Operational,,[1] Operational,[A] Operational,,[1] Operational,[A] Operational,,#N/A,#N/A,#N/A,#N/A,#N/A,#N/A,#N/A,#N/A,#N/A,#N/A,#N/A,#N/A,#N/A,#N/A,#N/A
"City of Tabuk, Kalinga",2022,2022-12,,12/13/2022,12/15/2022,14-032-13-000,14-32-13-000,City of Tabuk,Kalinga,Cordillera Administrative Region (CAR),City,5th,CAR,A,B,#N/A,#N/A,[1] Operational,[A] Operational,[1] Operational,[A] Operational,,[1] Operational,[A] Operational,,[1] Operational,[A] Operational,,[1] Operational,[A] Operational,,[1] Operational,[A] Operational,,[1] Operational,[A] Operational,,#N/A,#N/A,#N/A,#N/A,#N/A,#N/A,#N/A,#N/A,#N/A,#N/A,#N/A,#N/A,#N/A,#N/A,#N/A
"Bontoc, Mountain Province",2022,2022-12,,11/29/2022,12/06/2022,14-044-04-000,14-44-04-000,Bontoc,Mountain Province,Cordillera Administrative Region (CAR),Municipality,2nd,CAR,A,B,#N/A,#N/A,[1] Operational,[A] Operational,[1] Operational,[A] Operational,,[1] Operational,[A] Operational,,[1] Operational,[A] Operational,,[1] Operational,[A] Operational,,[1] Operational,[A] Operational,,[1] Operational,[A] Operational,,#N/A,#N/A,#N/A,#N/A,#N/A,#N/A,#N/A,#N/A,#N/A,#N/A,#N/A,#N/A,#N/A,#N/A,#N/A
"San Francisco, Agusan del Sur",2022,2022-12,,,,16-003-08-000,16-03-08-000,San Francisco,Agusan del Sur,Region XIII (Caraga),Municipality,1st,R13,A,O,#N/A,#N/A,[1] Operational,[A] Operational,[1] Operational,[A] Operational,,[1] Operational,[A] Operational,,[1] Operational,[A] Operational,,[1] Operational,[A] Operational,,[1] Operational,[A] Operational,,[1] Operational,[A] Operational,,#N/A,#N/A,#N/A,#N/A,#N/A,#N/A,#N/A,#N/A,#N/A,#N/A,#N/A,#N/A,#N/A,#N/A,#N/A
"Naujan, Oriental Mindoro",2023,2023-01,,,,17-052-08-000,17-52-08-000,Naujan,Oriental Mindoro,MIMAROPA Region,Municipality,1st,R4B,B,G,#N/A,#N/A,[1] Operational,[A] Operational,[1] Operational,[A] Operational,,[1] Operational,[A] Operational,,[1] Operational,[A] Operational,,[1] Operational,[A] Operational,,[1] Operational,[A] Operational,,[1] Operational,[A] Operational,,#N/A,#N/A,#N/A,#N/A,#N/A,#N/A,#N/A,#N/A,#N/A,#N/A,#N/A,#N/A,#N/A,#N/A,#N/A
"Pinamalayan, Oriental Mindoro",2022,2022-12,,,,17-052-09-000,17-52-09-000,Pinamalayan,Oriental Mindoro,MIMAROPA Region,Municipality,1st,R4B,A,G,#N/A,#N/A,[1] Operational,[A] Operational,[1] Operational,[A] Operational,,[1] Operational,[A] Operational,,[1] Operational,[A] Operational,,[1] Operational,[A] Operational,,[1] Operational,[A] Operational,,[1] Operational,[A] Operational,,#N/A,#N/A,#N/A,#N/A,#N/A,#N/A,#N/A,#N/A,#N/A,#N/A,#N/A,#N/A,#N/A,#N/A,#N/A
"San Teodoro, Oriental Mindoro",2022,2022-12,,,,17-052-13-000,17-52-13-000,San Teodoro,Oriental Mindoro,MIMAROPA Region,Municipality,4th,R4B,A,G,#N/A,#N/A,[1] Operational,[A] Operational,[1] Operational,[A] Operational,,[1] Operational,[A] Operational,,[1] Operational,[A] Operational,,[1] Operational,[A] Operational,,[1] Operational,[A] Operational,,[1] Operational,[A] Operational,,#N/A,#N/A,#N/A,#N/A,#N/A,#N/A,#N/A,#N/A,#N/A,#N/A,#N/A,#N/A,#N/A,#N/A,#N/A
"Coron, Palawan",2022,2022-12,,,,17-053-09-000,17-53-09-000,Coron,Palawan,MIMAROPA Region,Municipality,1st,R4B,A,G,#N/A,#N/A,[1] Operational,[A] Operational,[1] Operational,[A] Operational,,[1] Operational,[A] Operational,,[1] Operational,[A] Operational,,[1] Operational,[A] Operational,,[1] Operational,[A] Operational,,[1] Operational,[A] Operational,,#N/A,#N/A,#N/A,#N/A,#N/A,#N/A,#N/A,#N/A,#N/A,#N/A,#N/A,#N/A,#N/A,#N/A,#N/A
"El Nido, Palawan",2022,2022-12,,,,17-053-12-000,17-53-12-000,El Nido,Palawan,MIMAROPA Region,Municipality,1st,R4B,A,G,#N/A,#N/A,[1] Operational,[A] Operational,[1] Operational,[A] Operational,,[1] Operational,[A] Operational,,[1] Operational,[A] Operational,,[1] Operational,[A] Operational,,[1] Operational,[A] Operational,,[1] Operational,[A] Operational,,#N/A,#N/A,#N/A,#N/A,#N/A,#N/A,#N/A,#N/A,#N/A,#N/A,#N/A,#N/A,#N/A,#N/A,#N/A
"Culion, Palawan",2023,2023-01,,,,17-053-22-000,17-53-22-000,Culion,Palawan,MIMAROPA Region,Municipality,3rd,R4B,B,G,#N/A,#N/A,[3] With Concerns,[A] Operational,[3] With Concerns,[A] Operational,"WP integrated on the system, waiting to complete the updated LRC to fully adpot and Integrate the system",[3] With Concerns,[A] Operational,"WP integrated on the system, waiting to complete the updated LRC to fully adpot and Integrate the system",[3] With Concerns,[A] Operational,"WP integrated on the system, waiting to complete the updated LRC to fully adpot and Integrate the system",[3] With Concerns,[A] Operational,"WP integrated on the system, waiting to complete the updated LRC to fully adpot and Integrate the system",[3] With Concerns,[A] Operational,"WP integrated on the system, waiting to complete the updated LRC to fully adpot and Integrate the system",[3] With Concerns,[A] Operational,"WP integrated on the system, waiting to complete the updated LRC to fully adpot and Integrate the system",#N/A,#N/A,#N/A,#N/A,#N/A,#N/A,#N/A,#N/A,#N/A,#N/A,#N/A,#N/A,#N/A,#N/A,#N/A
"Looc, Romblon",2023,2023-01,,,,17-059-07-000,17-59-07-000,Looc,Romblon,MIMAROPA Region,Municipality,4th,R4B,B,G,#N/A,#N/A,[1] Operational,[A] Operational,[1] Operational,[A] Operational,,[1] Operational,[A] Operational,,[1] Operational,[A] Operational,,[1] Operational,[A] Operational,,[1] Operational,[A] Operational,,[1] Operational,[A] Operational,,#N/A,#N/A,#N/A,#N/A,#N/A,#N/A,#N/A,#N/A,#N/A,#N/A,#N/A,#N/A,#N/A,#N/A,#N/A
"Cabagan, Isabela",2023,2023-02,02/07/2023,02/08/2023,02/14/2023,02-031-06-000,02-31-06-000,Cabagan,Isabela,Region II (Cagayan Valley),Municipality,1st,R2,B,D,#N/A,#N/A,[1] Operational,[A] Operational,[1] Operational,[A] Operational,,[1] Operational,[A] Operational,,[1] Operational,[A] Operational,,[1] Operational,[A] Operational,,[1] Operational,[A] Operational,,[1] Operational,[A] Operational,,#N/A,#N/A,#N/A,#N/A,#N/A,#N/A,#N/A,#N/A,#N/A,#N/A,#N/A,#N/A,#N/A,#N/A,#N/A
"Tuba, Benguet",2023,2023-02,02/21/2023,02/21/2023,02/22/2023,14-011-13-000,14-11-13-000,Tuba,Benguet,Cordillera Administrative Region (CAR),Municipality,1st,CAR,B,B,#N/A,#N/A,[1] Operational,[A] Operational,[1] Operational,[A] Operational,,[1] Operational,[A] Operational,,[1] Operational,[A] Operational,,[1] Operational,[A] Operational,,[1] Operational,[A] Operational,,[1] Operational,[A] Operational,,#N/A,#N/A,#N/A,#N/A,#N/A,#N/A,#N/A,#N/A,#N/A,#N/A,#N/A,#N/A,#N/A,#N/A,#N/A
"Balayan, Batangas",2023,2023-02,,,,04-010-03-000,04-10-03-000,Balayan,Batangas,Region IV-A (CALABARZON),Municipality,1st,R4A,B,F,#N/A,#N/A,[1] Operational,[A] Operational,[1] Operational,[A] Operational,,[1] Operational,[A] Operational,,[1] Operational,[A] Operational,,[1] Operational,[A] Operational,,[1] Operational,[A] Operational,,[1] Operational,[A] Operational,,#N/A,#N/A,#N/A,#N/A,#N/A,#N/A,#N/A,#N/A,#N/A,#N/A,#N/A,#N/A,#N/A,#N/A,#N/A
"Tuy, Batangas",2023,2023-02,,,,04-010-34-000,04-10-34-000,Tuy,Batangas,Region IV-A (CALABARZON),Municipality,3rd,R4A,B,F,#N/A,#N/A,[1] Operational,[A] Operational,[1] Operational,[A] Operational,,[1] Operational,[A] Operational,,[1] Operational,[A] Operational,,[1] Operational,[A] Operational,,[1] Operational,[A] Operational,,[1] Operational,[A] Operational,,#N/A,#N/A,#N/A,#N/A,#N/A,#N/A,#N/A,#N/A,#N/A,#N/A,#N/A,#N/A,#N/A,#N/A,#N/A
"San Nicolas, Batangas",2023,2023-02,,,,04-010-25-000,04-10-25-000,San Nicolas,Batangas,Region IV-A (CALABARZON),Municipality,5th,R4A,B,F,#N/A,#N/A,[1] Operational,[A] Operational,[1] Operational,[A] Operational,,[1] Operational,[A] Operational,,[1] Operational,[A] Operational,,[1] Operational,[A] Operational,,[1] Operational,[A] Operational,,[1] Operational,[A] Operational,,#N/A,#N/A,#N/A,#N/A,#N/A,#N/A,#N/A,#N/A,#N/A,#N/A,#N/A,#N/A,#N/A,#N/A,#N/A
"General Emilio Aguinaldo, Cavite",2023,2023-02,,,,04-021-07-000,04-21-07-000,General Emilio Aguinaldo,Cavite,Region IV-A (CALABARZON),Municipality,5th,R4A,B,F,#N/A,#N/A,[2] Ongoing Testing and Data Build-up,[B] Developmental,[2] Ongoing Testing and Data Build-up,[B] Developmental,,[2] Ongoing Testing and Data Build-up,[B] Developmental,,[2] Ongoing Testing and Data Build-up,[B] Developmental,,[2] Ongoing Testing and Data Build-up,[B] Developmental,,[2] Ongoing Testing and Data Build-up,[B] Developmental,,[2] Ongoing Testing and Data Build-up,[B] Developmental,,#N/A,#N/A,#N/A,#N/A,#N/A,#N/A,#N/A,#N/A,#N/A,#N/A,#N/A,#N/A,#N/A,#N/A,#N/A
"Magallanes, Cavite",2023,2023-02,,,,04-021-12-000,04-21-12-000,Magallanes,Cavite,Region IV-A (CALABARZON),Municipality,4th,R4A,B,F,#N/A,#N/A,[2] Ongoing Testing and Data Build-up,[B] Developmental,[2] Ongoing Testing and Data Build-up,[B] Developmental,,[2] Ongoing Testing and Data Build-up,[B] Developmental,,[2] Ongoing Testing and Data Build-up,[B] Developmental,,[2] Ongoing Testing and Data Build-up,[B] Developmental,,[2] Ongoing Testing and Data Build-up,[B] Developmental,,[2] Ongoing Testing and Data Build-up,[B] Developmental,,#N/A,#N/A,#N/A,#N/A,#N/A,#N/A,#N/A,#N/A,#N/A,#N/A,#N/A,#N/A,#N/A,#N/A,#N/A
"Famy, Laguna",2023,2023-02,,,,04-034-08-000,04-34-08-000,Famy,Laguna,Region IV-A (CALABARZON),Municipality,5th,R4A,B,F,#N/A,#N/A,[1] Operational,[A] Operational,[1] Operational,[A] Operational,Operational but not utilized,[1] Operational,[A] Operational,Operational but not utilized,[1] Operational,[A] Operational,Operational but not utilized,[1] Operational,[A] Operational,Operational but not utilized,[1] Operational,[A] Operational,Operational but not utilized,[1] Operational,[A] Operational,Operational but not utilized,#N/A,#N/A,#N/A,#N/A,#N/A,#N/A,#N/A,#N/A,#N/A,#N/A,#N/A,#N/A,#N/A,#N/A,#N/A
"Pitogo, Quezon",2023,2023-02,,,,04-056-34-000,04-56-34-000,Pitogo,Quezon,Region IV-A (CALABARZON),Municipality,4th,R4A,B,F,#N/A,#N/A,[2] Ongoing Testing and Data Build-up,[B] Developmental,[2] Ongoing Testing and Data Build-up,[B] Developmental,,[2] Ongoing Testing and Data Build-up,[B] Developmental,,[2] Ongoing Testing and Data Build-up,[B] Developmental,,[2] Ongoing Testing and Data Build-up,[B] Developmental,,[2] Ongoing Testing and Data Build-up,[B] Developmental,,[2] Ongoing Testing and Data Build-up,[B] Developmental,,#N/A,#N/A,#N/A,#N/A,#N/A,#N/A,#N/A,#N/A,#N/A,#N/A,#N/A,#N/A,#N/A,#N/A,#N/A
"Quezon, Quezon",2023,2023-02,,,,04-056-37-000,04-56-37-000,Quezon,Quezon,Region IV-A (CALABARZON),Municipality,5th,R4A,B,F,#N/A,#N/A,[2] Ongoing Testing and Data Build-up,[B] Developmental,[2] Ongoing Testing and Data Build-up,[B] Developmental,,[2] Ongoing Testing and Data Build-up,[B] Developmental,,[2] Ongoing Testing and Data Build-up,[B] Developmental,,[2] Ongoing Testing and Data Build-up,[B] Developmental,,[2] Ongoing Testing and Data Build-up,[B] Developmental,,[2] Ongoing Testing and Data Build-up,[B] Developmental,,#N/A,#N/A,#N/A,#N/A,#N/A,#N/A,#N/A,#N/A,#N/A,#N/A,#N/A,#N/A,#N/A,#N/A,#N/A
"City of Laoag, Ilocos Norte",2023,2023-03,,,,01-028-12-000,01-28-12-000,City of Laoag,Ilocos Norte,Region I (Ilocos Region),City,3rd,R1,B,C,#N/A,#N/A,[1] Operational,[A] Operational,[1] Operational,[A] Operational,,[1] Operational,[A] Operational,,[1] Operational,[A] Operational,,[1] Operational,[A] Operational,,[1] Operational,[A] Operational,,[1] Operational,[A] Operational,,#N/A,#N/A,#N/A,#N/A,#N/A,#N/A,#N/A,#N/A,#N/A,#N/A,#N/A,#N/A,#N/A,#N/A,#N/A
"City of San Jose Del Monte, Bulacan",2023,2023-03,,,,03-014-20-000,03-14-20-000,City of San Jose Del Monte,Bulacan,Region III (Central Luzon),City,1st,R3,B,E,#N/A,#N/A,[1] Operational,[A] Operational,[1] Operational,[A] Operational,,[1] Operational,[A] Operational,,[1] Operational,[A] Operational,,[1] Operational,[A] Operational,,[1] Operational,[A] Operational,,[1] Operational,[A] Operational,,#N/A,#N/A,#N/A,#N/A,#N/A,#N/A,#N/A,#N/A,#N/A,#N/A,#N/A,#N/A,#N/A,#N/A,#N/A
"San Luis, Batangas",2023,2023-03,,,,04-010-24-000,04-10-24-000,San Luis,Batangas,Region IV-A (CALABARZON),Municipality,4th,R4A,B,F,#N/A,#N/A,[1] Operational,[A] Operational,[1] Operational,[A] Operational,,[1] Operational,[A] Operational,,[1] Operational,[A] Operational,,[1] Operational,[A] Operational,,[1] Operational,[A] Operational,,[1] Operational,[A] Operational,,#N/A,#N/A,#N/A,#N/A,#N/A,#N/A,#N/A,#N/A,#N/A,#N/A,#N/A,#N/A,#N/A,#N/A,#N/A
"Gumaca, Quezon",2023,2023-03,,,,04-056-19-000,04-56-19-000,Gumaca,Quezon,Region IV-A (CALABARZON),Municipality,1st,R4A,B,F,#N/A,#N/A,[1] Operational,[A] Operational,[1] Operational,[A] Operational,Operational but not utilized,[1] Operational,[A] Operational,Operational but not utilized,[1] Operational,[A] Operational,Operational but not utilized,[1] Operational,[A] Operational,Operational but not utilized,[1] Operational,[A] Operational,Operational but not utilized,[1] Operational,[A] Operational,Operational but not utilized,#N/A,#N/A,#N/A,#N/A,#N/A,#N/A,#N/A,#N/A,#N/A,#N/A,#N/A,#N/A,#N/A,#N/A,#N/A
"Polillo, Quezon",2023,2023-03,,,,04-056-36-000,04-56-36-000,Polillo,Quezon,Region IV-A (CALABARZON),Municipality,3rd,R4A,B,F,#N/A,#N/A,[1] Operational,[A] Operational,[1] Operational,[A] Operational,,[1] Operational,[A] Operational,,[1] Operational,[A] Operational,,[1] Operational,[A] Operational,,[1] Operational,[A] Operational,,[1] Operational,[A] Operational,,#N/A,#N/A,#N/A,#N/A,#N/A,#N/A,#N/A,#N/A,#N/A,#N/A,#N/A,#N/A,#N/A,#N/A,#N/A
"Alcoy, Cebu",2023,2023-03,,,,07-022-02-000,07-22-02-000,Alcoy,Cebu,Region VII (Central Visayas),Municipality,5th,R7,B,J,#N/A,#N/A,[2] Ongoing Testing and Data Build-up,[B] Developmental,[2] Ongoing Testing and Data Build-up,[B] Developmental,,[2] Ongoing Testing and Data Build-up,[B] Developmental,On hold data build-up; WP still not in the LGU's ordinance yet. Still deciding if they will continue the WP,[2] Ongoing Testing and Data Build-up,[B] Developmental,On hold data build-up; WP still not in the LGU's ordinance yet. Still deciding if they will continue the WP,[2] Ongoing Testing and Data Build-up,[B] Developmental,On hold data build-up; WP still not in the LGU's ordinance yet. Still deciding if they will continue the WP,[2] Ongoing Testing and Data Build-up,[B] Developmental,On hold data build-up; WP still not in the LGU's ordinance yet. Still deciding if they will continue the WP,[2] Ongoing Testing and Data Build-up,[B] Developmental,On hold data build-up; WP still not in the LGU's ordinance yet. Still deciding if they will continue the WP,#N/A,#N/A,#N/A,#N/A,#N/A,#N/A,#N/A,#N/A,#N/A,#N/A,#N/A,#N/A,#N/A,#N/A,#N/A
"Madridejos, Cebu",2023,2023-03,,,,07-022-28-000,07-22-28-000,Madridejos,Cebu,Region VII (Central Visayas),Municipality,4th,R7,B,J,#N/A,#N/A,[2] Ongoing Testing and Data Build-up,[B] Developmental,[2] Ongoing Testing and Data Build-up,[B] Developmental,,[2] Ongoing Testing and Data Build-up,[B] Developmental,LGU is working out an ordinance for the Working Permit/Occupational Permit; will priortiize implementing the WP next year,[2] Ongoing Testing and Data Build-up,[B] Developmental,LGU is working out an ordinance for the Working Permit/Occupational Permit; will priortiize implementing the WP next year,[2] Ongoing Testing and Data Build-up,[B] Developmental,LGU is working out an ordinance for the Working Permit/Occupational Permit; will priortiize implementing the WP next year,[2] Ongoing Testing and Data Build-up,[B] Developmental,LGU is working out an ordinance for the Working Permit/Occupational Permit; will priortiize implementing the WP next year,[2] Ongoing Testing and Data Build-up,[B] Developmental,LGU is working out an ordinance for the Working Permit/Occupational Permit; will priortiize implementing the WP next year,#N/A,#N/A,#N/A,#N/A,#N/A,#N/A,#N/A,#N/A,#N/A,#N/A,#N/A,#N/A,#N/A,#N/A,#N/A
"Basay, Negros Oriental",2023,2023-03,,,,07-046-05-000,07-46-05-000,Basay,Negros Oriental,Region VII (Central Visayas),Municipality,4th,R7,B,J,#N/A,#N/A,[1] Operational,[A] Operational,[1] Operational,[A] Operational,,[1] Operational,[A] Operational,LGU is working out an ordinance for the Working Permit/Occupational Permit; will priortiize implementing the WP next year,[1] Operational,[A] Operational,LGU is working out an ordinance for the Working Permit/Occupational Permit; will priortiize implementing the WP next year,[1] Operational,[A] Operational,LGU is working out an ordinance for the Working Permit/Occupational Permit; will priortiize implementing the WP next year,[1] Operational,[A] Operational,LGU is working out an ordinance for the Working Permit/Occupational Permit; will priortiize implementing the WP next year,[1] Operational,[A] Operational,LGU is working out an ordinance for the Working Permit/Occupational Permit; will priortiize implementing the WP next year,#N/A,#N/A,#N/A,#N/A,#N/A,#N/A,#N/A,#N/A,#N/A,#N/A,#N/A,#N/A,#N/A,#N/A,#N/A
"Sibulan, Negros Oriental",2023,2023-03,,,,07-046-20-000,07-46-20-000,Sibulan,Negros Oriental,Region VII (Central Visayas),Municipality,2nd,R7,B,J,#N/A,#N/A,[1] Operational,[A] Operational,[1] Operational,[A] Operational,,[1] Operational,[A] Operational,On hold data build-up; WP still not in the LGU's ordinance yet. Still deciding if they will continue the WP,[1] Operational,[A] Operational,On hold data build-up; WP still not in the LGU's ordinance yet. Still deciding if they will continue the WP,[1] Operational,[A] Operational,On hold data build-up; WP still not in the LGU's ordinance yet. Still deciding if they will continue the WP,[1] Operational,[A] Operational,On hold data build-up; WP still not in the LGU's ordinance yet. Still deciding if they will continue the WP,[1] Operational,[A] Operational,On hold data build-up; WP still not in the LGU's ordinance yet. Still deciding if they will continue the WP,#N/A,#N/A,#N/A,#N/A,#N/A,#N/A,#N/A,#N/A,#N/A,#N/A,#N/A,#N/A,#N/A,#N/A,#N/A
"Enrique Villanueva, Siquijor",2023,2023-03,,,,07-061-01-000,07-61-01-000,Enrique Villanueva,Siquijor,Region VII (Central Visayas),Municipality,5th,R7,B,J,#N/A,#N/A,[1] Operational,[A] Operational,[1] Operational,[A] Operational,,[1] Operational,[A] Operational,LGU is working out an ordinance for the Working Permit/Occupational Permit; will priortiize implementing the WP next year,[1] Operational,[A] Operational,LGU is working out an ordinance for the Working Permit/Occupational Permit; will priortiize implementing the WP next year,[1] Operational,[A] Operational,LGU is working out an ordinance for the Working Permit/Occupational Permit; will priortiize implementing the WP next year,[1] Operational,[A] Operational,LGU is working out an ordinance for the Working Permit/Occupational Permit; will priortiize implementing the WP next year,[1] Operational,[A] Operational,LGU is working out an ordinance for the Working Permit/Occupational Permit; will priortiize implementing the WP next year,#N/A,#N/A,#N/A,#N/A,#N/A,#N/A,#N/A,#N/A,#N/A,#N/A,#N/A,#N/A,#N/A,#N/A,#N/A
"Libungan, Cotabato",2023,2023-03,,,,12-047-05-000,12-47-05-000,Libungan,Cotabato,Region XII (SOCCSKSARGEN),Municipality,2nd,R12,B,Q,#N/A,#N/A,[1] Operational,[A] Operational,[1] Operational,[A] Operational,,[1] Operational,[A] Operational,,[1] Operational,[A] Operational,,[1] Operational,[A] Operational,,[1] Operational,[A] Operational,,[1] Operational,[A] Operational,,#N/A,#N/A,#N/A,#N/A,#N/A,#N/A,#N/A,#N/A,#N/A,#N/A,#N/A,#N/A,#N/A,#N/A,#N/A
"Matalam, Cotabato",2023,2023-03,,,,12-047-08-000,12-47-08-000,Matalam,Cotabato,Region XII (SOCCSKSARGEN),Municipality,1st,R12,B,Q,#N/A,#N/A,[1] Operational,[A] Operational,[1] Operational,[A] Operational,,[1] Operational,[A] Operational,,[1] Operational,[A] Operational,,[1] Operational,[A] Operational,,[1] Operational,[A] Operational,,[1] Operational,[A] Operational,,#N/A,#N/A,#N/A,#N/A,#N/A,#N/A,#N/A,#N/A,#N/A,#N/A,#N/A,#N/A,#N/A,#N/A,#N/A
"Pikit, Cotabato",2023,2023-03,,,,12-047-12-000,12-47-12-000,Pikit,Cotabato,Region XII (SOCCSKSARGEN),Municipality,1st,R12,B,Q,#N/A,#N/A,[1] Operational,[A] Operational,[1] Operational,[A] Operational,,[1] Operational,[A] Operational,,[1] Operational,[A] Operational,,[1] Operational,[A] Operational,,[1] Operational,[A] Operational,,[1] Operational,[A] Operational,,#N/A,#N/A,#N/A,#N/A,#N/A,#N/A,#N/A,#N/A,#N/A,#N/A,#N/A,#N/A,#N/A,#N/A,#N/A
"Antipas, Cotabato",2023,2023-03,,,,12-047-15-000,12-47-15-000,Antipas,Cotabato,Region XII (SOCCSKSARGEN),Municipality,2nd,R12,B,Q,#N/A,#N/A,[1] Operational,[A] Operational,[1] Operational,[A] Operational,,[1] Operational,[A] Operational,,[1] Operational,[A] Operational,,[1] Operational,[A] Operational,,[1] Operational,[A] Operational,,[1] Operational,[A] Operational,,#N/A,#N/A,#N/A,#N/A,#N/A,#N/A,#N/A,#N/A,#N/A,#N/A,#N/A,#N/A,#N/A,#N/A,#N/A
"Lambayong, Sultan Kudarat",2023,2023-03,,,,12-065-08-000,12-65-08-000,Lambayong,Sultan Kudarat,Region XII (SOCCSKSARGEN),Municipality,2nd,R12,B,Q,#N/A,#N/A,[1] Operational,[A] Operational,[1] Operational,[A] Operational,,[1] Operational,[A] Operational,,[1] Operational,[A] Operational,,[1] Operational,[A] Operational,,[1] Operational,[A] Operational,,[1] Operational,[A] Operational,,#N/A,#N/A,#N/A,#N/A,#N/A,#N/A,#N/A,#N/A,#N/A,#N/A,#N/A,#N/A,#N/A,#N/A,#N/A
"Dauin, Negros Oriental",2023,2023-04,,,,07-046-09-000,07-46-09-000,Dauin,Negros Oriental,Region VII (Central Visayas),Municipality,4th,R7,B,J,#N/A,#N/A,[2] Ongoing Testing and Data Build-up,[B] Developmental,[2] Ongoing Testing and Data Build-up,[B] Developmental,,[2] Ongoing Testing and Data Build-up,[B] Developmental,On hold data build-up; WP still not in the LGU's ordinance yet. Still deciding if they will continue the WP,[2] Ongoing Testing and Data Build-up,[B] Developmental,On hold data build-up; WP still not in the LGU's ordinance yet. Still deciding if they will continue the WP,[2] Ongoing Testing and Data Build-up,[B] Developmental,On hold data build-up; WP still not in the LGU's ordinance yet. Still deciding if they will continue the WP,[2] Ongoing Testing and Data Build-up,[B] Developmental,On hold data build-up; WP still not in the LGU's ordinance yet. Still deciding if they will continue the WP,[2] Ongoing Testing and Data Build-up,[B] Developmental,On hold data build-up; WP still not in the LGU's ordinance yet. Still deciding if they will continue the WP,#N/A,#N/A,#N/A,#N/A,#N/A,#N/A,#N/A,#N/A,#N/A,#N/A,#N/A,#N/A,#N/A,#N/A,#N/A
"Mabinay, Negros Oriental",2023,2023-04,,,,07-046-14-000,07-46-14-000,Mabinay,Negros Oriental,Region VII (Central Visayas),Municipality,1st,R7,B,J,#N/A,#N/A,[1] Operational,[A] Operational,[1] Operational,[A] Operational,,[1] Operational,[A] Operational,On hold data build-up; WP still not in the LGU's ordinance yet. Still deciding if they will continue the WP,[1] Operational,[A] Operational,On hold data build-up; WP still not in the LGU's ordinance yet. Still deciding if they will continue the WP,[1] Operational,[A] Operational,On hold data build-up; WP still not in the LGU's ordinance yet. Still deciding if they will continue the WP,[1] Operational,[A] Operational,On hold data build-up; WP still not in the LGU's ordinance yet. Still deciding if they will continue the WP,[1] Operational,[A] Operational,On hold data build-up; WP still not in the LGU's ordinance yet. Still deciding if they will continue the WP,#N/A,#N/A,#N/A,#N/A,#N/A,#N/A,#N/A,#N/A,#N/A,#N/A,#N/A,#N/A,#N/A,#N/A,#N/A
"Tuburan, Cebu",2023,2023-04,,,,07-022-52-000,07-22-52-000,Tuburan,Cebu,Region VII (Central Visayas),Municipality,2nd,R7,B,J,#N/A,#N/A,[2] Ongoing Testing and Data Build-up,[B] Developmental,[2] Ongoing Testing and Data Build-up,[B] Developmental,,[2] Ongoing Testing and Data Build-up,[B] Developmental,LGU is working out an ordinance for the Working Permit/Occupational Permit; will priortiize implementing the WP next year,[2] Ongoing Testing and Data Build-up,[B] Developmental,LGU is working out an ordinance for the Working Permit/Occupational Permit; will priortiize implementing the WP next year,[2] Ongoing Testing and Data Build-up,[B] Developmental,LGU is working out an ordinance for the Working Permit/Occupational Permit; will priortiize implementing the WP next year,[2] Ongoing Testing and Data Build-up,[B] Developmental,LGU is working out an ordinance for the Working Permit/Occupational Permit; will priortiize implementing the WP next year,[2] Ongoing Testing and Data Build-up,[B] Developmental,LGU is working out an ordinance for the Working Permit/Occupational Permit; will priortiize implementing the WP next year,#N/A,#N/A,#N/A,#N/A,#N/A,#N/A,#N/A,#N/A,#N/A,#N/A,#N/A,#N/A,#N/A,#N/A,#N/A
"Aborlan, Palawan",2023,2023-04,,,,17-053-01-000,17-53-01-000,Aborlan,Palawan,MIMAROPA Region,Municipality,1st,R4B,B,G,#N/A,#N/A,[3] With Concerns,[A] Operational,[3] With Concerns,[A] Operational,"WP integrated on the system, waiting to complete the LRC to fully adpot and Integrate the system",[3] With Concerns,[A] Operational,"WP integrated on the system, waiting to complete the LRC to fully adpot and Integrate the system",[3] With Concerns,[A] Operational,"WP integrated on the system, waiting to complete the LRC to fully adpot and Integrate the system",[3] With Concerns,[A] Operational,"WP integrated on the system, waiting to complete the LRC to fully adpot and Integrate the system",[3] With Concerns,[A] Operational,"WP integrated on the system, waiting to complete the LRC to fully adpot and Integrate the system",[3] With Concerns,[A] Operational,"WP integrated on the system, waiting to complete the LRC to fully adpot and Integrate the system",#N/A,#N/A,#N/A,#N/A,#N/A,#N/A,#N/A,#N/A,#N/A,#N/A,#N/A,#N/A,#N/A,#N/A,#N/A
"Bansud, Oriental Mindoro",2023,2023-04,,,,17-052-02-000,17-52-02-000,Bansud,Oriental Mindoro,MIMAROPA Region,Municipality,2nd,R4B,B,G,#N/A,#N/A,[1] Operational,[A] Operational,[1] Operational,[A] Operational,,[1] Operational,[A] Operational,,[1] Operational,[A] Operational,,[1] Operational,[A] Operational,,[1] Operational,[A] Operational,,[1] Operational,[A] Operational,,#N/A,#N/A,#N/A,#N/A,#N/A,#N/A,#N/A,#N/A,#N/A,#N/A,#N/A,#N/A,#N/A,#N/A,#N/A
"Ferrol, Romblon",2023,2023-04,,,,17-059-16-000,17-59-16-000,Ferrol,Romblon,MIMAROPA Region,Municipality,6th,R4B,B,G,#N/A,#N/A,[1] Operational,[A] Operational,[1] Operational,[A] Operational,,[1] Operational,[A] Operational,,[1] Operational,[A] Operational,,[1] Operational,[A] Operational,,[1] Operational,[A] Operational,,[1] Operational,[A] Operational,,#N/A,#N/A,#N/A,#N/A,#N/A,#N/A,#N/A,#N/A,#N/A,#N/A,#N/A,#N/A,#N/A,#N/A,#N/A
"Gloria, Oriental Mindoro",2023,2023-04,,,,17-052-06-000,17-52-06-000,Gloria,Oriental Mindoro,MIMAROPA Region,Municipality,3rd,R4B,B,G,#N/A,#N/A,[1] Operational,[A] Operational,[1] Operational,[A] Operational,,[1] Operational,[A] Operational,,[1] Operational,[A] Operational,,[1] Operational,[A] Operational,,[1] Operational,[A] Operational,,[1] Operational,[A] Operational,,#N/A,#N/A,#N/A,#N/A,#N/A,#N/A,#N/A,#N/A,#N/A,#N/A,#N/A,#N/A,#N/A,#N/A,#N/A
"San Jose, Occidental Mindoro",2023,2023-04,,,,17-051-10-000,17-51-10-000,San Jose,Occidental Mindoro,MIMAROPA Region,Municipality,1st,R4B,B,G,#N/A,#N/A,[1] Operational,[A] Operational,[1] Operational,[A] Operational,,[1] Operational,[A] Operational,,[1] Operational,[A] Operational,,[1] Operational,[A] Operational,,[1] Operational,[A] Operational,,[1] Operational,[A] Operational,,#N/A,#N/A,#N/A,#N/A,#N/A,#N/A,#N/A,#N/A,#N/A,#N/A,#N/A,#N/A,#N/A,#N/A,#N/A
"Medina, Misamis Oriental",2023,2023-04,,,,10-043-19-000,10-43-19-000,Medina,Misamis Oriental,Region X (Northern Mindanao),Municipality,4th,R10,B,N,#N/A,#N/A,[3] With Concerns,[A] Operational,[3] With Concerns,[A] Operational,Waiting for PMT go signal,[3] With Concerns,[A] Operational,Waiting for PMT go signal,[3] With Concerns,[A] Operational,Waiting for PMT go signal,[3] With Concerns,[A] Operational,Waiting for PMT go signal,[3] With Concerns,[A] Operational,,[3] With Concerns,[A] Operational,Waiting for PMT go signal,#N/A,#N/A,#N/A,#N/A,#N/A,#N/A,#N/A,#N/A,#N/A,#N/A,#N/A,#N/A,#N/A,#N/A,#N/A
"Jasaan, Misamis Oriental",2023,2023-04,,,,10-043-11-000,10-43-11-000,Jasaan,Misamis Oriental,Region X (Northern Mindanao),Municipality,2nd,R10,B,N,#N/A,#N/A,[3] With Concerns,[A] Operational,[3] With Concerns,[A] Operational,Waiting for PMT go signal,[3] With Concerns,[A] Operational,Waiting for PMT go signal,[3] With Concerns,[A] Operational,Waiting for PMT go signal,[3] With Concerns,[A] Operational,Waiting for PMT go signal,[3] With Concerns,[A] Operational,,[3] With Concerns,[A] Operational,Waiting for PMT go signal,#N/A,#N/A,#N/A,#N/A,#N/A,#N/A,#N/A,#N/A,#N/A,#N/A,#N/A,#N/A,#N/A,#N/A,#N/A
"Siniloan, Laguna",2023,2023-05,,,,04-034-29-000,04-34-29-000,Siniloan,Laguna,Region IV-A (CALABARZON),Municipality,2nd,R4A,B,F,#N/A,#N/A,[1] Operational,[A] Operational,[1] Operational,[A] Operational,,[1] Operational,[A] Operational,,[1] Operational,[A] Operational,,[1] Operational,[A] Operational,,[1] Operational,[A] Operational,,[1] Operational,[A] Operational,,#N/A,#N/A,#N/A,#N/A,#N/A,#N/A,#N/A,#N/A,#N/A,#N/A,#N/A,#N/A,#N/A,#N/A,#N/A
"Tublay, Benguet",2023,2023-05,,,,14-011-14-000,14-11-14-000,Tublay,Benguet,Cordillera Administrative Region (CAR),Municipality,5th,CAR,B,B,#N/A,#N/A,[1] Operational,[A] Operational,[1] Operational,[A] Operational,,[1] Operational,[A] Operational,,[1] Operational,[A] Operational,,[1] Operational,[A] Operational,,[1] Operational,[A] Operational,,[1] Operational,[A] Operational,,#N/A,#N/A,#N/A,#N/A,#N/A,#N/A,#N/A,#N/A,#N/A,#N/A,#N/A,#N/A,#N/A,#N/A,#N/A
"San Francisco, Cebu",,,,,,07-022-42-000,07-22-42-000,San Francisco,Cebu,Region VII (Central Visayas),Municipality,3rd,R7,B,J,#N/A,#N/A,[2] Ongoing Testing and Data Build-up,[B] Developmental,[2] Ongoing Testing and Data Build-up,[B] Developmental,,[2] Ongoing Testing and Data Build-up,[B] Developmental,LGU is working out an ordinance for the Working Permit/Occupational Permit; will priortiize implementing the WP next year,[2] Ongoing Testing and Data Build-up,[B] Developmental,LGU is working out an ordinance for the Working Permit/Occupational Permit; will priortiize implementing the WP next year,[2] Ongoing Testing and Data Build-up,[B] Developmental,LGU is working out an ordinance for the Working Permit/Occupational Permit; will priortiize implementing the WP next year,[2] Ongoing Testing and Data Build-up,[B] Developmental,LGU is working out an ordinance for the Working Permit/Occupational Permit; will priortiize implementing the WP next year,[2] Ongoing Testing and Data Build-up,[B] Developmental,LGU is working out an ordinance for the Working Permit/Occupational Permit; will priortiize implementing the WP next year,#N/A,#N/A,#N/A,#N/A,#N/A,#N/A,#N/A,#N/A,#N/A,#N/A,#N/A,#N/A,#N/A,#N/A,#N/A
"Barbaza, Antique",,,,,,06-006-02-000,06-06-02-000,Barbaza,Antique,Region VI (Western Visayas),Municipality,4th,R6,B,I,#N/A,#N/A,[1] Operational,[A] Operational,[1] Operational,[A] Operational,,[1] Operational,[A] Operational,,[1] Operational,[A] Operational,,[1] Operational,[A] Operational,,[1] Operational,[A] Operational,,[1] Operational,[A] Operational,,#N/A,#N/A,#N/A,#N/A,#N/A,#N/A,#N/A,#N/A,#N/A,#N/A,#N/A,#N/A,#N/A,#N/A,#N/A
"City of Himamaylan, Negros Occidental",,,,,,06-045-10-000,06-45-10-000,City of Himamaylan,Negros Occidental,Region VI (Western Visayas),City,3rd,R6,B,I,#N/A,#N/A,[1] Operational,[A] Operational,[1] Operational,[A] Operational,,[1] Operational,[A] Operational,,[1] Operational,[A] Operational,,[1] Operational,[A] Operational,,[1] Operational,[A] Operational,,[1] Operational,[A] Operational,,#N/A,#N/A,#N/A,#N/A,#N/A,#N/A,#N/A,#N/A,#N/A,#N/A,#N/A,#N/A,#N/A,#N/A,#N/A
"Laua-An, Antique",,,,,,06-006-09-000,06-06-09-000,Laua-An,Antique,Region VI (Western Visayas),Municipality,4th,R6,B,I,#N/A,#N/A,[1] Operational,[A] Operational,[1] Operational,[A] Operational,,[1] Operational,[A] Operational,,[1] Operational,[A] Operational,,[1] Operational,[A] Operational,,[1] Operational,[A] Operational,,[1] Operational,[A] Operational,,#N/A,#N/A,#N/A,#N/A,#N/A,#N/A,#N/A,#N/A,#N/A,#N/A,#N/A,#N/A,#N/A,#N/A,#N/A
"San Miguel, Iloilo",,,,,,06-030-41-000,06-30-41-000,San Miguel,Iloilo,Region VI (Western Visayas),Municipality,4th,R6,B,I,#N/A,#N/A,[1] Operational,[A] Operational,[1] Operational,[A] Operational,,[1] Operational,[A] Operational,,[1] Operational,[A] Operational,,[1] Operational,[A] Operational,,[1] Operational,[A] Operational,,[1] Operational,[A] Operational,,#N/A,#N/A,#N/A,#N/A,#N/A,#N/A,#N/A,#N/A,#N/A,#N/A,#N/A,#N/A,#N/A,#N/A,#N/A
"Sibalom, Antique",,,,,,06-006-16-000,06-06-16-000,Sibalom,Antique,Region VI (Western Visayas),Municipality,2nd,R6,B,I,#N/A,#N/A,[1] Operational,[A] Operational,[1] Operational,[A] Operational,,[1] Operational,[A] Operational,,[1] Operational,[A] Operational,,[1] Operational,[A] Operational,,[1] Operational,[A] Operational,,[1] Operational,[A] Operational,,#N/A,#N/A,#N/A,#N/A,#N/A,#N/A,#N/A,#N/A,#N/A,#N/A,#N/A,#N/A,#N/A,#N/A,#N/A
"Las Nieves, Agusan del Norte",,,,,,16-002-07-000,16-02-07-000,Las Nieves,Agusan del Norte,Region XIII (Caraga),Municipality,2nd,R13,B,O,#N/A,#N/A,[1] Operational,[A] Operational,[1] Operational,[A] Operational,,[1] Operational,[A] Operational,,[1] Operational,[A] Operational,,[1] Operational,[A] Operational,,[1] Operational,[A] Operational,,[1] Operational,[A] Operational,,#N/A,#N/A,#N/A,#N/A,#N/A,#N/A,#N/A,#N/A,#N/A,#N/A,#N/A,#N/A,#N/A,#N/A,#N/A
"Looc, Occidental Mindoro",,,,,,17-051-03-000,17-51-03-000,Looc,Occidental Mindoro,MIMAROPA Region,Municipality,5th,R4B,B,G,#N/A,#N/A,[1] Operational,[A] Operational,[1] Operational,[A] Operational,,[1] Operational,[A] Operational,,[1] Operational,[A] Operational,,[1] Operational,[A] Operational,,[1] Operational,[A] Operational,,[1] Operational,[A] Operational,,#N/A,#N/A,#N/A,#N/A,#N/A,#N/A,#N/A,#N/A,#N/A,#N/A,#N/A,#N/A,#N/A,#N/A,#N/A
"San Vicente, Palawan",,,,,,17-053-19-000,17-53-19-000,San Vicente,Palawan,MIMAROPA Region,Municipality,1st,R4B,B,G,#N/A,#N/A,[1] Operational,[A] Operational,[1] Operational,[A] Operational,,[1] Operational,[A] Operational,,[1] Operational,[A] Operational,,[1] Operational,[A] Operational,,[1] Operational,[A] Operational,,[1] Operational,[A] Operational,,#N/A,#N/A,#N/A,#N/A,#N/A,#N/A,#N/A,#N/A,#N/A,#N/A,#N/A,#N/A,#N/A,#N/A,#N/A
"San Isidro, Davao Oriental",,,,,,11-025-10-000,11-25-10-000,San Isidro,Davao Oriental,Region XI (Davao Region),Municipality,3rd,R11,B,P,#N/A,#N/A,[1] Operational,[A] Operational,[1] Operational,[A] Operational,,[1] Operational,[A] Operational,,[1] Operational,[A] Operational,,[1] Operational,[A] Operational,,[1] Operational,[A] Operational,,[1] Operational,[A] Operational,,#N/A,#N/A,#N/A,#N/A,#N/A,#N/A,#N/A,#N/A,#N/A,#N/A,#N/A,#N/A,#N/A,#N/A,#N/A
"Bauko, Mountain Province",,,,,,14-044-02-000,14-44-02-000,Bauko,Mountain Province,Cordillera Administrative Region (CAR),Municipality,4th,CAR,B,B,#N/A,#N/A,[1] Operational,[A] Operational,[1] Operational,[A] Operational,,[1] Operational,[A] Operational,,[1] Operational,[A] Operational,,[1] Operational,[A] Operational,,[1] Operational,[A] Operational,,[1] Operational,[A] Operational,,#N/A,#N/A,#N/A,#N/A,#N/A,#N/A,#N/A,#N/A,#N/A,#N/A,#N/A,#N/A,#N/A,#N/A,#N/A
"Casiguran, Aurora",,,,,,03-077-02-000,03-77-02-000,Casiguran,Aurora,Region III (Central Luzon),Municipality,2nd,R3,B,E,#N/A,#N/A,[2] Ongoing Testing and Data Build-up,[B] Developmental,[2] Ongoing Testing and Data Build-up,[B] Developmental,,[2] Ongoing Testing and Data Build-up,[B] Developmental,,[2] Ongoing Testing and Data Build-up,[B] Developmental,,[2] Ongoing Testing and Data Build-up,[B] Developmental,,[2] Ongoing Testing and Data Build-up,[B] Developmental,,[2] Ongoing Testing and Data Build-up,[B] Developmental,,#N/A,#N/A,#N/A,#N/A,#N/A,#N/A,#N/A,#N/A,#N/A,#N/A,#N/A,#N/A,#N/A,#N/A,#N/A
"City of Olongapo, Zambales",,,,,,03-314-00-000,03-71-07-000,City of Olongapo,Zambales,Region III (Central Luzon),City,1st,R3,B,E,#N/A,#N/A,[3] With Concerns,[A] Operational,[3] With Concerns,[A] Operational,,[3] With Concerns,[A] Operational,,[3] With Concerns,[A] Operational,,[3] With Concerns,[A] Operational,,[3] With Concerns,[A] Operational,,[3] With Concerns,[A] Operational,,#N/A,#N/A,#N/A,#N/A,#N/A,#N/A,#N/A,#N/A,#N/A,#N/A,#N/A,#N/A,#N/A,#N/A,#N/A
"Magalang, Pampanga",,,,,,03-054-11-000,03-54-11-000,Magalang,Pampanga,Region III (Central Luzon),Municipality,1st,R3,B,E,#N/A,#N/A,[2] Ongoing Testing and Data Build-up,[B] Developmental,[2] Ongoing Testing and Data Build-up,[B] Developmental,,[2] Ongoing Testing and Data Build-up,[B] Developmental,,[2] Ongoing Testing and Data Build-up,[B] Developmental,,[2] Ongoing Testing and Data Build-up,[B] Developmental,,[2] Ongoing Testing and Data Build-up,[B] Developmental,,[2] Ongoing Testing and Data Build-up,[B] Developmental,,#N/A,#N/A,#N/A,#N/A,#N/A,#N/A,#N/A,#N/A,#N/A,#N/A,#N/A,#N/A,#N/A,#N/A,#N/A
"Pigkawayan, Cotabato",,,,,,12-047-11-000,12-47-11-000,Pigkawayan,Cotabato,Region XII (SOCCSKSARGEN),Municipality,1st,R12,B,Q,#N/A,#N/A,[1] Operational,[A] Operational,[1] Operational,[A] Operational,,[1] Operational,[A] Operational,,[1] Operational,[A] Operational,,[1] Operational,[A] Operational,,[1] Operational,[A] Operational,,[1] Operational,[A] Operational,,#N/A,#N/A,#N/A,#N/A,#N/A,#N/A,#N/A,#N/A,#N/A,#N/A,#N/A,#N/A,#N/A,#N/A,#N/A
"Bagumbayan, Sultan Kudarat",,,,,,12-065-01-000,12-65-01-000,Bagumbayan,Sultan Kudarat,Region XII (SOCCSKSARGEN),Municipality,1st,R12,B,Q,#N/A,#N/A,[1] Operational,[A] Operational,[1] Operational,[A] Operational,,[1] Operational,[A] Operational,,[1] Operational,[A] Operational,,[1] Operational,[A] Operational,,[1] Operational,[A] Operational,,[1] Operational,[A] Operational,,#N/A,#N/A,#N/A,#N/A,#N/A,#N/A,#N/A,#N/A,#N/A,#N/A,#N/A,#N/A,#N/A,#N/A,#N/A
"Columbio, Sultan Kudarat",,,,,,12-065-02-000,12-65-02-000,Columbio,Sultan Kudarat,Region XII (SOCCSKSARGEN),Municipality,1st,R12,B,Q,#N/A,#N/A,[1] Operational,[A] Operational,[1] Operational,[A] Operational,,[1] Operational,[A] Operational,,[1] Operational,[A] Operational,,[1] Operational,[A] Operational,,[1] Operational,[A] Operational,,[1] Operational,[A] Operational,,#N/A,#N/A,#N/A,#N/A,#N/A,#N/A,#N/A,#N/A,#N/A,#N/A,#N/A,#N/A,#N/A,#N/A,#N/A
"Esperanza, Sultan Kudarat",,,,,,12-065-03-000,12-65-03-000,Esperanza,Sultan Kudarat,Region XII (SOCCSKSARGEN),Municipality,1st,R12,B,Q,#N/A,#N/A,[1] Operational,[A] Operational,[1] Operational,[A] Operational,,[1] Operational,[A] Operational,,[1] Operational,[A] Operational,,[1] Operational,[A] Operational,,[1] Operational,[A] Operational,,[1] Operational,[A] Operational,,#N/A,#N/A,#N/A,#N/A,#N/A,#N/A,#N/A,#N/A,#N/A,#N/A,#N/A,#N/A,#N/A,#N/A,#N/A
"Isulan, Sultan Kudarat",,,,,,12-065-04-000,12-65-04-000,Isulan,Sultan Kudarat,Region XII (SOCCSKSARGEN),Municipality,1st,R12,B,Q,#N/A,#N/A,[1] Operational,[A] Operational,[1] Operational,[A] Operational,,[1] Operational,[A] Operational,,[1] Operational,[A] Operational,,[1] Operational,[A] Operational,,[1] Operational,[A] Operational,,[1] Operational,[A] Operational,,#N/A,#N/A,#N/A,#N/A,#N/A,#N/A,#N/A,#N/A,#N/A,#N/A,#N/A,#N/A,#N/A,#N/A,#N/A
"San Joaquin, Iloilo",,,,,,06-030-40-000,06-30-40-000,San Joaquin,Iloilo,Region VI (Western Visayas),Municipality,2nd,R6,B,I,#N/A,#N/A,[1] Operational,[A] Operational,[1] Operational,[A] Operational,,[1] Operational,[A] Operational,,[1] Operational,[A] Operational,,[1] Operational,[A] Operational,,[1] Operational,[A] Operational,,[1] Operational,[A] Operational,,#N/A,#N/A,#N/A,#N/A,#N/A,#N/A,#N/A,#N/A,#N/A,#N/A,#N/A,#N/A,#N/A,#N/A,#N/A
"General Nakar, Quezon",,,,,,04-056-17-000,04-56-17-000,General Nakar,Quezon,Region IV-A (CALABARZON),Municipality,1st,R4A,B,F,#N/A,#N/A,[1] Operational,[A] Operational,[1] Operational,[A] Operational,,[1] Operational,[A] Operational,,[1] Operational,[A] Operational,,[1] Operational,[A] Operational,,[1] Operational,[A] Operational,,[1] Operational,[A] Operational,,#N/A,#N/A,#N/A,#N/A,#N/A,#N/A,#N/A,#N/A,#N/A,#N/A,#N/A,#N/A,#N/A,#N/A,#N/A
"Malay, Aklan",,,,,,06-004-12-000,06-04-12-000,Malay,Aklan,Region VI (Western Visayas),Municipality,1st,R6,B,I,#N/A,#N/A,[1] Operational,[A] Operational,[1] Operational,[A] Operational,,[1] Operational,[A] Operational,,[1] Operational,[A] Operational,,[1] Operational,[A] Operational,,[1] Operational,[A] Operational,,[1] Operational,[A] Operational,,#N/A,#N/A,#N/A,#N/A,#N/A,#N/A,#N/A,#N/A,#N/A,#N/A,#N/A,#N/A,#N/A,#N/A,#N/A
"Pastrana, Leyte",,,,,,08-037-41-000,08-37-41-000,Pastrana,Leyte,Region VIII (Eastern Visayas),Municipality,5th*,R8,B,K,#N/A,#N/A,[1] Operational,[A] Operational,[1] Operational,[A] Operational,,[1] Operational,[A] Operational,,[1] Operational,[A] Operational,,[1] Operational,[A] Operational,,[1] Operational,[A] Operational,,[1] Operational,[A] Operational,,#N/A,#N/A,#N/A,#N/A,#N/A,#N/A,#N/A,#N/A,#N/A,#N/A,#N/A,#N/A,#N/A,#N/A,#N/A
"Hungduan, Ifugao",,,,,,14-027-02-000,14-27-02-000,Hungduan,Ifugao,Cordillera Administrative Region (CAR),Municipality,4th,CAR,B,B,#N/A,#N/A,[1] Operational,[A] Operational,[1] Operational,[A] Operational,,[1] Operational,[A] Operational,,[1] Operational,[A] Operational,,[1] Operational,[A] Operational,,[1] Operational,[A] Operational,,[1] Operational,[A] Operational,,#N/A,#N/A,#N/A,#N/A,#N/A,#N/A,#N/A,#N/A,#N/A,#N/A,#N/A,#N/A,#N/A,#N/A,#N/A
"New Bataan, Davao de Oro",,,,,,11-082-10-000,11-82-10-000,New Bataan,Davao de Oro,Region XI (Davao Region),Municipality,1st,R11,B,P,#N/A,#N/A,[1] Operational,[A] Operational,[1] Operational,[A] Operational,,[1] Operational,[A] Operational,,[1] Operational,[A] Operational,,[1] Operational,[A] Operational,,[1] Operational,[A] Operational,,[1] Operational,[A] Operational,,#N/A,#N/A,#N/A,#N/A,#N/A,#N/A,#N/A,#N/A,#N/A,#N/A,#N/A,#N/A,#N/A,#N/A,#N/A
"Bansalan, Davao del Sur",,,,,,11-024-01-000,11-24-01-000,Bansalan,Davao del Sur,Region XI (Davao Region),Municipality,1st,R11,B,P,#N/A,#N/A,[1] Operational,[A] Operational,[1] Operational,[A] Operational,,[1] Operational,[A] Operational,,[1] Operational,[A] Operational,,[1] Operational,[A] Operational,,[1] Operational,[A] Operational,,[1] Operational,[A] Operational,,#N/A,#N/A,#N/A,#N/A,#N/A,#N/A,#N/A,#N/A,#N/A,#N/A,#N/A,#N/A,#N/A,#N/A,#N/A
"Cateel, Davao Oriental",,,,,,11-025-05-000,11-25-05-000,Cateel,Davao Oriental,Region XI (Davao Region),Municipality,2nd,R11,B,P,#N/A,#N/A,[1] Operational,[A] Operational,[1] Operational,[A] Operational,,[1] Operational,[A] Operational,,[1] Operational,[A] Operational,,[1] Operational,[A] Operational,,[1] Operational,[A] Operational,,[1] Operational,[A] Operational,,#N/A,#N/A,#N/A,#N/A,#N/A,#N/A,#N/A,#N/A,#N/A,#N/A,#N/A,#N/A,#N/A,#N/A,#N/A
"Lamut, Ifugao",,,,,,14-027-05-000,14-27-05-000,Lamut,Ifugao,Cordillera Administrative Region (CAR),Municipality,4th,CAR,B,B,#N/A,#N/A,[1] Operational,[A] Operational,[1] Operational,[A] Operational,,[1] Operational,[A] Operational,,[1] Operational,[A] Operational,,[1] Operational,[A] Operational,,[1] Operational,[A] Operational,,[1] Operational,[A] Operational,,#N/A,#N/A,#N/A,#N/A,#N/A,#N/A,#N/A,#N/A,#N/A,#N/A,#N/A,#N/A,#N/A,#N/A,#N/A
"Caoayan, Ilocos Sur",,,,,,01-029-07-000,01-29-07-000,Caoayan,Ilocos Sur,Region I (Ilocos Region),Municipality,4th,R1,B,C,#N/A,#N/A,[1] Operational,[A] Operational,[1] Operational,[A] Operational,,[1] Operational,[A] Operational,,[1] Operational,[A] Operational,,[1] Operational,[A] Operational,,[1] Operational,[A] Operational,,[1] Operational,[A] Operational,,#N/A,#N/A,#N/A,#N/A,#N/A,#N/A,#N/A,#N/A,#N/A,#N/A,#N/A,#N/A,#N/A,#N/A,#N/A
"Amadeo, Cavite",,,,,,04-021-02-000,04-21-02-000,Amadeo,Cavite,Region IV-A (CALABARZON),Municipality,4th,R4A,B,F,#N/A,#N/A,[1] Operational,[A] Operational,[1] Operational,[A] Operational,,[1] Operational,[A] Operational,,[1] Operational,[A] Operational,,[1] Operational,[A] Operational,,[1] Operational,[A] Operational,,[1] Operational,[A] Operational,,#N/A,#N/A,#N/A,#N/A,#N/A,#N/A,#N/A,#N/A,#N/A,#N/A,#N/A,#N/A,#N/A,#N/A,#N/A
"Cardona, Rizal",,,,,,04-058-06-000,04-58-06-000,Cardona,Rizal,Region IV-A (CALABARZON),Municipality,3rd,R4A,B,F,#N/A,#N/A,[1] Operational,[A] Operational,[1] Operational,[A] Operational,,[1] Operational,[A] Operational,,[1] Operational,[A] Operational,,[1] Operational,[A] Operational,,[1] Operational,[A] Operational,,[1] Operational,[A] Operational,,#N/A,#N/A,#N/A,#N/A,#N/A,#N/A,#N/A,#N/A,#N/A,#N/A,#N/A,#N/A,#N/A,#N/A,#N/A
"Lobo, Batangas",,,,,,04-010-15-000,04-10-15-000,Lobo,Batangas,Region IV-A (CALABARZON),Municipality,3rd,R4A,B,F,#N/A,#N/A,[1] Operational,[A] Operational,[1] Operational,[A] Operational,,[1] Operational,[A] Operational,,[1] Operational,[A] Operational,,[1] Operational,[A] Operational,,[1] Operational,[A] Operational,,[1] Operational,[A] Operational,,#N/A,#N/A,#N/A,#N/A,#N/A,#N/A,#N/A,#N/A,#N/A,#N/A,#N/A,#N/A,#N/A,#N/A,#N/A
"Pudtol, Apayao",,,,,,14-081-06-000,14-81-06-000,Pudtol,Apayao,Cordillera Administrative Region (CAR),Municipality,4th,CAR,B,B,#N/A,#N/A,[1] Operational,[A] Operational,[1] Operational,[A] Operational,,[1] Operational,[A] Operational,,[1] Operational,[A] Operational,,[1] Operational,[A] Operational,,[1] Operational,[A] Operational,,[1] Operational,[A] Operational,,#N/A,#N/A,#N/A,#N/A,#N/A,#N/A,#N/A,#N/A,#N/A,#N/A,#N/A,#N/A,#N/A,#N/A,#N/A
"Upi, Maguindanao del Norte",,,,,,19-087-13-000,15-38-15-000,Upi,Maguindanao del Norte,Bangsamoro Autonomous Region In Muslim Mindanao (BARMM),Municipality,1st,BARMM II,B,R,#N/A,#N/A,[1] Operational,[A] Operational,[1] Operational,[A] Operational,,[1] Operational,[A] Operational,,[1] Operational,[A] Operational,,[1] Operational,[A] Operational,,[1] Operational,[A] Operational,,[1] Operational,[A] Operational,,#N/A,#N/A,#N/A,#N/A,#N/A,#N/A,#N/A,#N/A,#N/A,#N/A,#N/A,#N/A,#N/A,#N/A,#N/A
"City of Digos, Davao del Sur",,,,,,11-024-03-000,11-24-03-000,City of Digos,Davao del Sur,Region XI (Davao Region),City,2nd,R11,B,P,#N/A,#N/A,[1] Operational,[A] Operational,[1] Operational,[A] Operational,,[1] Operational,[A] Operational,,[1] Operational,[A] Operational,,[1] Operational,[A] Operational,,[1] Operational,[A] Operational,,[1] Operational,[A] Operational,,#N/A,#N/A,#N/A,#N/A,#N/A,#N/A,#N/A,#N/A,#N/A,#N/A,#N/A,#N/A,#N/A,#N/A,#N/A
"Baco, Oriental Mindoro",,,,,,17-052-01-000,17-52-01-000,Baco,Oriental Mindoro,MIMAROPA Region,Municipality,3rd,R4B,B,G,#N/A,#N/A,[1] Operational,[A] Operational,[1] Operational,[A] Operational,,[1] Operational,[A] Operational,,[1] Operational,[A] Operational,,[1] Operational,[A] Operational,,[1] Operational,[A] Operational,,[1] Operational,[A] Operational,,#N/A,#N/A,#N/A,#N/A,#N/A,#N/A,#N/A,#N/A,#N/A,#N/A,#N/A,#N/A,#N/A,#N/A,#N/A
"Bongabong, Oriental Mindoro",,,,,,17-052-03-000,17-52-03-000,Bongabong,Oriental Mindoro,MIMAROPA Region,Municipality,1st,R4B,B,G,#N/A,#N/A,[3] With Concerns,[A] Operational,[3] With Concerns,[A] Operational,"WP integrated on the system, for training and WP setup",[3] With Concerns,[A] Operational,"WP integrated on the system, for training and WP setup",[3] With Concerns,[A] Operational,"WP integrated on the system, for training and WP setup",[3] With Concerns,[A] Operational,"WP integrated on the system, for training and WP setup",[3] With Concerns,[A] Operational,"WP integrated on the system, for training and WP setup",[3] With Concerns,[A] Operational,"WP integrated on the system, for training and WP setup",#N/A,#N/A,#N/A,#N/A,#N/A,#N/A,#N/A,#N/A,#N/A,#N/A,#N/A,#N/A,#N/A,#N/A,#N/A
"Parang, Maguindanao del Norte",,,,,,19-087-09-000,15-38-11-000,Parang,Maguindanao del Norte,Bangsamoro Autonomous Region In Muslim Mindanao (BARMM),Municipality,1st*,BARMM II,B,R,#N/A,#N/A,[1] Operational,[A] Operational,[1] Operational,[A] Operational,,[1] Operational,[A] Operational,,[1] Operational,[A] Operational,,[1] Operational,[A] Operational,,[1] Operational,[A] Operational,,[1] Operational,[A] Operational,,#N/A,#N/A,#N/A,#N/A,#N/A,#N/A,#N/A,#N/A,#N/A,#N/A,#N/A,#N/A,#N/A,#N/A,#N/A
"Bulalacao, Oriental Mindoro",,,,,,17-052-04-000,17-52-04-000,Bulalacao,Oriental Mindoro,MIMAROPA Region,Municipality,3rd,R4B,B,G,#N/A,#N/A,[1] Operational,[A] Operational,[1] Operational,[A] Operational,,[1] Operational,[A] Operational,,[1] Operational,[A] Operational,,[1] Operational,[A] Operational,,[1] Operational,[A] Operational,,[1] Operational,[A] Operational,,#N/A,#N/A,#N/A,#N/A,#N/A,#N/A,#N/A,#N/A,#N/A,#N/A,#N/A,#N/A,#N/A,#N/A,#N/A
"Cabatuan, Iloilo",,,,,,06-030-12-000,06-30-12-000,Cabatuan,Iloilo,Region VI (Western Visayas),Municipality,2nd,R6,B,I,#N/A,#N/A,[1] Operational,[A] Operational,[1] Operational,[A] Operational,,[1] Operational,[A] Operational,,[1] Operational,[A] Operational,,[1] Operational,[A] Operational,,[1] Operational,[A] Operational,,[1] Operational,[A] Operational,,#N/A,#N/A,#N/A,#N/A,#N/A,#N/A,#N/A,#N/A,#N/A,#N/A,#N/A,#N/A,#N/A,#N/A,#N/A
"Sison, Pangasinan",,,,,,01-055-41-000,01-55-41-000,Sison,Pangasinan,Region I (Ilocos Region),Municipality,3rd,R1,B,C,#N/A,#N/A,[1] Operational,[A] Operational,[1] Operational,[A] Operational,,[1] Operational,[A] Operational,,[1] Operational,[A] Operational,,[1] Operational,[A] Operational,,[1] Operational,[A] Operational,,[1] Operational,[A] Operational,,#N/A,#N/A,#N/A,#N/A,#N/A,#N/A,#N/A,#N/A,#N/A,#N/A,#N/A,#N/A,#N/A,#N/A,#N/A
"Sanchez-Mira, Cagayan",,,,,,02-015-22-000,02-15-22-000,Sanchez-Mira,Cagayan,Region II (Cagayan Valley),Municipality,3rd,R2,B,D,#N/A,#N/A,[1] Operational,[A] Operational,[1] Operational,[A] Operational,,[1] Operational,[A] Operational,,[1] Operational,[A] Operational,,[1] Operational,[A] Operational,,[1] Operational,[A] Operational,,[1] Operational,[A] Operational,,#N/A,#N/A,#N/A,#N/A,#N/A,#N/A,#N/A,#N/A,#N/A,#N/A,#N/A,#N/A,#N/A,#N/A,#N/A
"Rosario, Cavite",,,,,,04-021-17-000,04-21-17-000,Rosario,Cavite,Region IV-A (CALABARZON),Municipality,1st,R4A,B,F,#N/A,#N/A,[1] Operational,[A] Operational,[1] Operational,[A] Operational,,[1] Operational,[A] Operational,,[1] Operational,[A] Operational,,[1] Operational,[A] Operational,,[1] Operational,[A] Operational,,[1] Operational,[A] Operational,,#N/A,#N/A,#N/A,#N/A,#N/A,#N/A,#N/A,#N/A,#N/A,#N/A,#N/A,#N/A,#N/A,#N/A,#N/A
"Mankayan, Benguet",,,,,,14-011-11-000,14-11-11-000,Mankayan,Benguet,Cordillera Administrative Region (CAR),Municipality,1st,CAR,B,B,#N/A,#N/A,[1] Operational,[A] Operational,[1] Operational,[A] Operational,,[1] Operational,[A] Operational,,[1] Operational,[A] Operational,,[1] Operational,[A] Operational,,[1] Operational,[A] Operational,,[1] Operational,[A] Operational,,#N/A,#N/A,#N/A,#N/A,#N/A,#N/A,#N/A,#N/A,#N/A,#N/A,#N/A,#N/A,#N/A,#N/A,#N/A
"Quezon, Palawan",,,,,,17-053-17-000,17-53-17-000,Quezon,Palawan,MIMAROPA Region,Municipality,1st,R4B,B,G,#N/A,#N/A,[3] With Concerns,[A] Operational,[3] With Concerns,[A] Operational,"WP integrated on the system, waiting to complete the updated LRC to fully adpot and Integrate the system",[3] With Concerns,[A] Operational,"WP integrated on the system, waiting to complete the updated LRC to fully adpot and Integrate the system",[3] With Concerns,[A] Operational,"WP integrated on the system, waiting to complete the updated LRC to fully adpot and Integrate the system",[3] With Concerns,[A] Operational,"WP integrated on the system, waiting to complete the updated LRC to fully adpot and Integrate the system",[3] With Concerns,[A] Operational,"WP integrated on the system, waiting to complete the updated LRC to fully adpot and Integrate the system",[3] With Concerns,[A] Operational,"WP integrated on the system, waiting to complete the updated LRC to fully adpot and Integrate the system",#N/A,#N/A,#N/A,#N/A,#N/A,#N/A,#N/A,#N/A,#N/A,#N/A,#N/A,#N/A,#N/A,#N/A,#N/A
"Rizal, Palawan",,,,,,17-053-23-000,17-53-23-000,Rizal,Palawan,MIMAROPA Region,Municipality,1st,R4B,B,G,#N/A,#N/A,[3] With Concerns,[A] Operational,[3] With Concerns,[A] Operational,"WP integrated on the system, waiting to complete the updated LRC to fully adpot and Integrate the system",[3] With Concerns,[A] Operational,"WP integrated on the system, waiting to complete the updated LRC to fully adpot and Integrate the system",[3] With Concerns,[A] Operational,"WP integrated on the system, waiting to complete the updated LRC to fully adpot and Integrate the system",[3] With Concerns,[A] Operational,"WP integrated on the system, waiting to complete the updated LRC to fully adpot and Integrate the system",[3] With Concerns,[A] Operational,"WP integrated on the system, waiting to complete the updated LRC to fully adpot and Integrate the system",[3] With Concerns,[A] Operational,"WP integrated on the system, waiting to complete the updated LRC to fully adpot and Integrate the system",#N/A,#N/A,#N/A,#N/A,#N/A,#N/A,#N/A,#N/A,#N/A,#N/A,#N/A,#N/A,#N/A,#N/A,#N/A
,,,,,,,,,,,,,,B,,,,,,,,,,,,,,,,,,,,,,,,,,,,,,,,,,,,,,
,,,,,,,,,,,,,,B,,,,,,,,,,,,,,,,,,,,,,,,,,,,,,,,,,,,,,
,,,,,,,,,,,,,,B,,,,,,,,,,,,,,,,,,,,,,,,,,,,,,,,,,,,,,
,,,,,,,,,,,,,,B,,,,,,,,,,,,,,,,,,,,,,,,,,,,,,,,,,,,,,
,,,,,,,,,,,,,,B,,,,,,,,,,,,,,,,,,,,,,,,,,,,,,,,,,,,,,
,,,,,,,,,,,,,,B,,,,,,,,,,,,,,,,,,,,,,,,,,,,,,,,,,,,,,
,,,,,,,,,,,,,,B,,,,,,,,,,,,,,,,,,,,,,,,,,,,,,,,,,,,,,
,,,,,,,,,,,,,,B,,,,,,,,,,,,,,,,,,,,,,,,,,,,,,,,,,,,,,
,,,,,,,,,,,,,,B,,,,,,,,,,,,,,,,,,,,,,,,,,,,,,,,,,,,,,
,,,,,,,,,,,,,,B,,,,,,,,,,,,,,,,,,,,,,,,,,,,,,,,,,,,,,
,,,,,,,,,,,,,,B,,,,,,,,,,,,,,,,,,,,,,,,,,,,,,,,,,,,,,
,,,,,,,,,,,,,,B,,,,,,,,,,,,,,,,,,,,,,,,,,,,,,,,,,,,,,
,,,,,,,,,,,,,,B,,,,,,,,,,,,,,,,,,,,,,,,,,,,,,,,,,,,,,
,,,,,,,,,,,,,,B,,,,,,,,,,,,,,,,,,,,,,,,,,,,,,,,,,,,,,
,,,,,,,,,,,,,,B,,,,,,,,,,,,,,,,,,,,,,,,,,,,,,,,,,,,,,
,,,,,,,,,,,,,,B,,,,,,,,,,,,,,,,,,,,,,,,,,,,,,,,,,,,,,
,,,,,,,,,,,,,,B,,,,,,,,,,,,,,,,,,,,,,,,,,,,,,,,,,,,,,
,,,,,,,,,,,,,,B,,,,,,,,,,,,,,,,,,,,,,,,,,,,,,,,,,,,,,
,,,,,,,,,,,,,,B,,,,,,,,,,,,,,,,,,,,,,,,,,,,,,,,,,,,,,
,,,,,,,,,,,,,,B,,,,,,,,,,,,,,,,,,,,,,,,,,,,,,,,,,,,,,
,,,,,,,,,,,,,,B,,,,,,,,,,,,,,,,,,,,,,,,,,,,,,,,,,,,,,
,,,,,,,,,,,,,,B,,,,,,,,,,,,,,,,,,,,,,,,,,,,,,,,,,,,,,
,,,,,,,,,,,,,,B,,,,,,,,,,,,,,,,,,,,,,,,,,,,,,,,,,,,,,
,,,,,,,,,,,,,,B,,,,,,,,,,,,,,,,,,,,,,,,,,,,,,,,,,,,,,
,,,,,,,,,,,,,,B,,,,,,,,,,,,,,,,,,,,,,,,,,,,,,,,,,,,,,
,,,,,,,,,,,,,,B,,,,,,,,,,,,,,,,,,,,,,,,,,,,,,,,,,,,,,
,,,,,,,,,,,,,,B,,,,,,,,,,,,,,,,,,,,,,,,,,,,,,,,,,,,,,
,,,,,,,,,,,,,,B,,,,,,,,,,,,,,,,,,,,,,,,,,,,,,,,,,,,,,
,,,,,,,,,,,,,,B,,,,,,,,,,,,,,,,,,,,,,,,,,,,,,,,,,,,,,
,,,,,,,,,,,,,,B,,,,,,,,,,,,,,,,,,,,,,,,,,,,,,,,,,,,,,
,,,,,,,,,,,,,,B,,,,,,,,,,,,,,,,,,,,,,,,,,,,,,,,,,,,,,
,,,,,,,,,,,,,,B,,,,,,,,,,,,,,,,,,,,,,,,,,,,,,,,,,,,,,
,,,,,,,,,,,,,,B,,,,,,,,,,,,,,,,,,,,,,,,,,,,,,,,,,,,,,
,,,,,,,,,,,,,,B,,,,,,,,,,,,,,,,,,,,,,,,,,,,,,,,,,,,,,
,,,,,,,,,,,,,,B,,,,,,,,,,,,,,,,,,,,,,,,,,,,,,,,,,,,,,
,,,,,,,,,,,,,,B,,,,,,,,,,,,,,,,,,,,,,,,,,,,,,,,,,,,,,
,,,,,,,,,,,,,,B,,,,,,,,,,,,,,,,,,,,,,,,,,,,,,,,,,,,,,
,,,,,,,,,,,,,,B,,,,,,,,,,,,,,,,,,,,,,,,,,,,,,,,,,,,,,
,,,,,,,,,,,,,,B,,,,,,,,,,,,,,,,,,,,,,,,,,,,,,,,,,,,,,
,,,,,,,,,,,,,,B,,,,,,,,,,,,,,,,,,,,,,,,,,,,,,,,,,,,,,
,,,,,,,,,,,,,,B,,,,,,,,,,,,,,,,,,,,,,,,,,,,,,,,,,,,,,
,,,,,,,,,,,,,,B,,,,,,,,,,,,,,,,,,,,,,,,,,,,,,,,,,,,,,
,,,,,,,,,,,,,,B,,,,,,,,,,,,,,,,,,,,,,,,,,,,,,,,,,,,,,
,,,,,,,,,,,,,,B,,,,,,,,,,,,,,,,,,,,,,,,,,,,,,,,,,,,,,
,,,,,,,,,,,,,,B,,,,,,,,,,,,,,,,,,,,,,,,,,,,,,,,,,,,,,
,,,,,,,,,,,,,,B,,,,,,,,,,,,,,,,,,,,,,,,,,,,,,,,,,,,,,
,,,,,,,,,,,,,,B,,,,,,,,,,,,,,,,,,,,,,,,,,,,,,,,,,,,,,
,,,,,,,,,,,,,,B,,,,,,,,,,,,,,,,,,,,,,,,,,,,,,,,,,,,,,
,,,,,,,,,,,,,,B,,,,,,,,,,,,,,,,,,,,,,,,,,,,,,,,,,,,,,
,,,,,,,,,,,,,,B,,,,,,,,,,,,,,,,,,,,,,,,,,,,,,,,,,,,,,
,,,,,,,,,,,,,,B,,,,,,,,,,,,,,,,,,,,,,,,,,,,,,,,,,,,,,
,,,,,,,,,,,,,,B,,,,,,,,,,,,,,,,,,,,,,,,,,,,,,,,,,,,,,
,,,,,,,,,,,,,,B,,,,,,,,,,,,,,,,,,,,,,,,,,,,,,,,,,,,,,
,,,,,,,,,,,,,,B,,,,,,,,,,,,,,,,,,,,,,,,,,,,,,,,,,,,,,
,,,,,,,,,,,,,,B,,,,,,,,,,,,,,,,,,,,,,,,,,,,,,,,,,,,,,
,,,,,,,,,,,,,,B,,,,,,,,,,,,,,,,,,,,,,,,,,,,,,,,,,,,,,
,,,,,,,,,,,,,,B,,,,,,,,,,,,,,,,,,,,,,,,,,,,,,,,,,,,,,
,,,,,,,,,,,,,,B,,,,,,,,,,,,,,,,,,,,,,,,,,,,,,,,,,,,,,
,,,,,,,,,,,,,,B,,,,,,,,,,,,,,,,,,,,,,,,,,,,,,,,,,,,,,
,,,,,,,,,,,,,,B,,,,,,,,,,,,,,,,,,,,,,,,,,,,,,,,,,,,,,
,,,,,,,,,,,,,,B,,,,,,,,,,,,,,,,,,,,,,,,,,,,,,,,,,,,,,
,,,,,,,,,,,,,,B,,,,,,,,,,,,,,,,,,,,,,,,,,,,,,,,,,,,,,
,,,,,,,,,,,,,,B,,,,,,,,,,,,,,,,,,,,,,,,,,,,,,,,,,,,,,
,,,,,,,,,,,,,,B,,,,,,,,,,,,,,,,,,,,,,,,,,,,,,,,,,,,,,
,,,,,,,,,,,,,,B,,,,,,,,,,,,,,,,,,,,,,,,,,,,,,,,,,,,,,
,,,,,,,,,,,,,,B,,,,,,,,,,,,,,,,,,,,,,,,,,,,,,,,,,,,,,
,,,,,,,,,,,,,,B,,,,,,,,,,,,,,,,,,,,,,,,,,,,,,,,,,,,,,
,,,,,,,,,,,,,,B,,,,,,,,,,,,,,,,,,,,,,,,,,,,,,,,,,,,,,
,,,,,,,,,,,,,,B,,,,,,,,,,,,,,,,,,,,,,,,,,,,,,,,,,,,,,
,,,,,,,,,,,,,,B,,,,,,,,,,,,,,,,,,,,,,,,,,,,,,,,,,,,,,
,,,,,,,,,,,,,,B,,,,,,,,,,,,,,,,,,,,,,,,,,,,,,,,,,,,,,
,,,,,,,,,,,,,,B,,,,,,,,,,,,,,,,,,,,,,,,,,,,,,,,,,,,,,
,,,,,,,,,,,,,,B,,,,,,,,,,,,,,,,,,,,,,,,,,,,,,,,,,,,,,
,,,,,,,,,,,,,,B,,,,,,,,,,,,,,,,,,,,,,,,,,,,,,,,,,,,,,
,,,,,,,,,,,,,,B,,,,,,,,,,,,,,,,,,,,,,,,,,,,,,,,,,,,,,
,,,,,,,,,,,,,,B,,,,,,,,,,,,,,,,,,,,,,,,,,,,,,,,,,,,,,
,,,,,,,,,,,,,,B,,,,,,,,,,,,,,,,,,,,,,,,,,,,,,,,,,,,,,
,,,,,,,,,,,,,,B,,,,,,,,,,,,,,,,,,,,,,,,,,,,,,,,,,,,,,