REPORTING PERIOD,,,MONTHLY UTILIZATION STATUS,,LGU PROFILE,,,,,
PERIOD,YEAR,MONTH,LGU FULL NAME,MONTHLY STATUS,UNIVERSAL STATUS,DISTRICT,LEVEL,INCOME CLASS,DICT RO,VERSION
PERIOD ID,YEAR,MONTH,LGU NAME,STATUS,USTATUS,DISTRICT,LEVEL,INCOME CLASS,DICT RO,VERSION
2026-01,2026,[01] January,"Amlan, Negros Oriental",[3] System Setup,[B] Developmental,4th,Mun,4th,NIR,v1
2026-01,2026,[01] January,"Basay, Negros Oriental",[1] Live,[A] Live,4th,Mun,4th,NIR,v1
2026-01,2026,[01] January,"City of Canlaon, Negros Oriental",[1] Live,[A] Live,4th,City,4th,NIR,v1
2026-01,2026,[01] January,"City of Himamaylan, Negros Occidental",[1] Live,[A] Live,3rd,City,3rd,NIR,v1
2026-01,2026,[01] January,"City of Sipalay, Negros Occidental",[1] Live,[A] Live,4th,City,4th,NIR,v1
2026-01,2026,[01] January,"Hinigaran, Negros Occidental",[1] Live,[A] Live,1st,Mun,1st,NIR,v1
2026-01,2026,[01] January,"Manapla, Negros Occidental",[1] Live,[A] Live,2nd,Mun,2nd,NIR,v1
2026-01,2026,[01] January,"Moises Padilla, Negros Occidental",[1] Live,[A] Live,3rd,Mun,3rd,NIR,v1
2026-01,2026,[01] January,"San Jose, Negros Oriental",[2] UAT,[B] Developmental,5th,Mun,5th,NIR,v1
2026-01,2026,[01] January,"City of Kabankalan, Negros Occidental",[1] Live,[A] Live,1st,City,1st,NIR,v1
2026-01,2026,[01] January,"City of Bacolod, Negros Occidental",[1] Live,[A] Live,1st,City,1st,NIR,v1
2026-01,2026,[01] January,"Alimodian, Iloilo",[1] Live,[A] Live,3rd,Mun,3rd,R6,v1
2026-01,2026,[01] January,"Anilao, Iloilo",[1] Live,[A] Live,4th,Mun,4th,R6,v1
2026-01,2026,[01] January,"Balasan, Iloilo",[1] Live,[A] Live,4th,Mun,4th,R6,v1
2026-01,2026,[01] January,"Barbaza, Antique",[1] Live,[A] Live,4th,Mun,4th,R6,v1
2026-01,2026,[01] January,"Barotac Nuevo, Iloilo",[1] Live,[A] Live,2nd,Mun,2nd,R6,v1
2026-01,2026,[01] January,"Barotac Viejo, Iloilo",[5] Admin Training,[C] For Training/Others,3rd,Mun,3rd,R6,
2026-01,2026,[01] January,"Bingawan, Iloilo",[1] Live,[A] Live,5th,Mun,5th,R6,v1
2026-01,2026,[01] January,"Buenavista, Guimaras",[1] Live,[A] Live,2nd,Mun,2nd,R6,v1
2026-01,2026,[01] January,"Bugasong, Antique",[1] Live,[A] Live,3rd,Mun,3rd,R6,v1
2026-01,2026,[01] January,"Cabatuan, Iloilo",[1] Live,[A] Live,2nd,Mun,2nd,R6,v1
2026-01,2026,[01] January,"Calinog, Iloilo",[1] Live,[A] Live,1st,Mun,1st,R6,v1
2026-01,2026,[01] January,"Concepcion, Iloilo",[1] Live,[A] Live,3rd,Mun,3rd,R6,v1
2026-01,2026,[01] January,"Dingle, Iloilo",[1] Live,[A] Live,3rd,Mun,3rd,R6,v1
2026-01,2026,[01] January,"Janiuay, Iloilo",[1] Live,[A] Live,1st,Mun,1st,R6,v1
2026-01,2026,[01] January,"Lambunao, Iloilo",[5] Admin Training,[C] For Training/Others,1st,Mun,1st,R6,
2026-01,2026,[01] January,"Laua-An, Antique",[1] Live,[A] Live,4th,Mun,4th,R6,v1
2026-01,2026,[01] January,"Libertad, Antique",[1] Live,[A] Live,5th,Mun,5th,R6,v1
2026-01,2026,[01] January,"Miagao, Iloilo",[5] Admin Training,[C] For Training/Others,1st,Mun,1st,R6,
2026-01,2026,[01] January,"Mina, Iloilo",[1] Live,[A] Live,5th,Mun,5th,R6,v1
2026-01,2026,[01] January,"New Lucena, Iloilo",[1] Live,[A] Live,4th,Mun,4th,R6,v1
2026-01,2026,[01] January,"New Washington, Aklan",[1] Live,[A] Live,3rd,Mun,3rd,R6,v1
2026-01,2026,[01] January,"Oton, Iloilo",[8] Withdraw,[D] Withdraw,1st,Mun,1st,R6,
2026-01,2026,[01] January,"Pandan, Antique",[1] Live,[A] Live,4th,Mun,4th,R6,v1
2026-01,2026,[01] January,"Patnongon, Antique",[1] Live,[A] Live,3rd,Mun,3rd,R6,v1
2026-01,2026,[01] January,"San Joaquin, Iloilo",[5] Admin Training,[C] For Training/Others,2nd,Mun,2nd,R6,
2026-01,2026,[01] January,"San Remigio, Antique",[1] Live,[A] Live,3rd,Mun,3rd,R6,v1
2026-01,2026,[01] January,"Santa Barbara, Iloilo",[1] Live,[A] Live,2nd,Mun,2nd,R6,v1
2026-01,2026,[01] January,"Sapi-An, Capiz",[1] Live,[A] Live,4th,Mun,4th,R6,v1
2026-01,2026,[01] January,"Sara, Iloilo",[1] Live,[A] Live,2nd,Mun,2nd,R6,v1
2026-01,2026,[01] January,"Sebaste, Antique",[5] Admin Training,[C] For Training/Others,4th,Mun,4th,R6,
2026-01,2026,[01] January,"Tangalan, Aklan",[1] Live,[A] Live,5th,Mun,5th,R6,v1
2026-01,2026,[01] January,"Tapaz, Capiz",[1] Live,[A] Live,1st,Mun,1st,R6,v1
2026-01,2026,[01] January,"Tobias Fornier, Antique",[8] Withdraw,[D] Withdraw,4th,Mun,4th,R6,
2026-01,2026,[01] January,"Zarraga, Iloilo",[5] Admin Training,[C] For Training/Others,4th,Mun,4th,R6,
2026-01,2026,[01] January,"Bagumbayan, Sultan Kudarat",[3] System Setup,[B] Developmental,1st,Mun,1st,R12,v1
2026-01,2026,[01] January,"City of Kidapawan, Cotabato",[1] Live,[A] Live,3rd,City,3rd,R12,v1
2026-01,2026,[01] January,"Kabacan, Cotabato",[1] Live,[A] Live,1st,Mun,1st,R12,v1
2026-01,2026,[01] January,"Lebak, Sultan Kudarat",[7] To Follow-up,[C] For Training/Others,1st,Mun,1st,R12,
2026-01,2026,[01] January,"M'Lang, Cotabato",[3] System Setup,[B] Developmental,1st,Mun,1st,R12,v1
2026-01,2026,[01] January,"Midsayap, Cotabato",[1] Live,[A] Live,1st,Mun,1st,R12,v1
2026-01,2026,[01] January,"Pigkawayan, Cotabato",[3] System Setup,[B] Developmental,1st,Mun,1st,R12,v1
2026-01,2026,[01] January,"Pikit, Cotabato",[1] Live,[A] Live,1st,Mun,1st,R12,v1
2026-01,2026,[01] January,"Bayabas, Surigao del Sur",[1] Live,[A] Live,5th,Mun,5th,R13,v1
2026-01,2026,[01] January,"Carmen, Surigao del Sur",[1] Live,[A] Live,5th,Mun,5th,R13,v1
2026-01,2026,[01] January,"Las Nieves, Agusan del Norte",[1] Live,[A] Live,2nd,Mun,2nd,R13,v1
2026-01,2026,[01] January,"Lingig, Surigao del Sur",[7] To Follow-up,[C] For Training/Others,2nd,Mun,2nd,R13,
2026-01,2026,[01] January,"San Agustin, Surigao del Sur",[2] UAT,[B] Developmental,4th,Mun,4th,R13,v1
2026-01,2026,[01] January,"San Miguel, Surigao del Sur",[2] UAT,[B] Developmental,1st,Mun,1st,R13,v1
2026-01,2026,[01] January,"Socorro, Surigao del Norte",[1] Live,[A] Live,4th,Mun,4th,R13,v1
2026-01,2026,[01] January,"Tagana-An, Surigao del Norte",[1] Live,[A] Live,5th,Mun,5th,R13,v1
2026-01,2026,[01] January,"Tagbina, Surigao del Sur",[1] Live,[A] Live,2nd,Mun,2nd,R13,v1
2026-01,2026,[01] January,"Tago, Surigao del Sur",[1] Live,[A] Live,2nd,Mun,2nd,R13,v1
2026-01,2026,[01] January,"Trento, Agusan del Sur",[2] UAT,[B] Developmental,1st,Mun,1st,R13,v1
2026-01,2026,[01] January,"Tubod, Surigao del Norte",[1] Live,[A] Live,5th,Mun,5th,R13,v1
2026-01,2026,[01] January,"Alcantara, Romblon",[1] Live,[A] Live,5th,Mun,5th,R4B,v1
2026-01,2026,[01] January,"Baco, Oriental Mindoro",[1] Live,[A] Live,3rd,Mun,3rd,R4B,v1
2026-01,2026,[01] January,"Banton, Romblon",[1] Live,[A] Live,5th,Mun,5th,R4B,v1
2026-01,2026,[01] January,"Busuanga, Palawan",[1] Live,[A] Live,3rd,Mun,3rd,R4B,v1
2026-01,2026,[01] January,"Calintaan, Occidental Mindoro",[2] UAT,[B] Developmental,3rd,Mun,3rd,R4B,v1
2026-01,2026,[01] January,"Coron, Palawan",[1] Live,[A] Live,1st,Mun,1st,R4B,v1
2026-01,2026,[01] January,"El Nido, Palawan",[1] Live,[A] Live,1st,Mun,1st,R4B,v1
2026-01,2026,[01] January,"Ferrol, Romblon",[1] Live,[A] Live,6th,Mun,6th,R4B,v1
2026-01,2026,[01] January,"Gloria, Oriental Mindoro",[1] Live,[A] Live,3rd,Mun,3rd,R4B,v1
2026-01,2026,[01] January,"Looc, Romblon",[1] Live,[A] Live,4th,Mun,4th,R4B,v1
2026-01,2026,[01] January,"Pinamalayan, Oriental Mindoro",[1] Live,[A] Live,1st,Mun,1st,R4B,v1
2026-01,2026,[01] January,"Rizal, Occidental Mindoro",[1] Live,[A] Live,3rd,Mun,3rd,R4B,v1
2026-01,2026,[01] January,"Sablayan, Occidental Mindoro",[1] Live,[A] Live,1st,Mun,1st,R4B,v1
2026-01,2026,[01] January,"San Jose, Occidental Mindoro",[1] Live,[A] Live,1st,Mun,1st,R4B,v1
2026-01,2026,[01] January,"San Teodoro, Oriental Mindoro",[1] Live,[A] Live,4th,Mun,4th,R4B,v1
2026-01,2026,[01] January,"San Vicente, Palawan",[1] Live,[A] Live,1st,Mun,1st,R4B,v1
2026-01,2026,[01] January,"Dumingag, Zamboanga del Sur",[7] To Follow-up,[C] For Training/Others,2nd,Mun,2nd,R9,
2026-01,2026,[01] January,"Guipos, Zamboanga del Sur",[1] Live,[A] Live,4th,Mun,4th,R9,v1
2026-01,2026,[01] January,"Labangan, Zamboanga del Sur",[7] To Follow-up,[C] For Training/Others,3rd,Mun,3rd,R9,
2026-01,2026,[01] January,"Lakewood, Zamboanga del Sur",[1] Live,[A] Live,4th,Mun,4th,R9,v1
2026-01,2026,[01] January,"Polanco, Zamboanga del Norte",[1] Live,[A] Live,3rd,Mun,3rd,R9,v1
2026-01,2026,[01] January,"Pres. Manuel A. Roxas, Zamboanga del Norte",[7] To Follow-up,[C] For Training/Others,2nd,Mun,2nd,R9,
2026-01,2026,[01] January,"Rizal, Zamboanga del Norte",[2] UAT,[B] Developmental,5th,Mun,5th,R9,v1
2026-01,2026,[01] January,"San Pablo, Zamboanga del Sur",[7] To Follow-up,[C] For Training/Others,4th,Mun,4th,R9,
2026-01,2026,[01] January,"Siayan, Zamboanga del Norte",[1] Live,[A] Live,2nd,Mun,2nd,R9,v1
2026-01,2026,[01] January,"Sindangan, Zamboanga del Norte",[7] To Follow-up,[C] For Training/Others,1st,Mun,1st,R9,
2026-01,2026,[01] January,"Tabina, Zamboanga del Sur",[2] UAT,[B] Developmental,4th,Mun,4th,R9,v1
2026-01,2026,[01] January,"Talipao, Sulu",[1] Live,[A] Live,1st,Mun,1st,BARMM I,v1
2026-01,2026,[01] January,"Titay, Zamboanga Sibugay",[1] Live,[A] Live,2nd,Mun,2nd,R9,v1
2026-01,2026,[01] January,"Upi, Maguindanao del Norte",[1] Live,[A] Live,1st,Mun,1st,BARMM II,v1
2026-01,2026,[01] January,"Alabat, Quezon",[1] Live,[A] Live,5th,Mun,5th,R4A,v1
2026-01,2026,[01] January,"Alfonso, Cavite",[1] Live,[A] Live,1st,Mun,1st,R4A,v1
2026-01,2026,[01] January,"Amadeo, Cavite",[2] UAT,[B] Developmental,4th,Mun,4th,R4A,v1
2026-01,2026,[01] January,"Balayan, Batangas",[1] Live,[A] Live,1st,Mun,1st,R4A,v1
2026-01,2026,[01] January,"Candelaria, Quezon",[1] Live,[A] Live,1st,Mun,1st,R4A,v1
2026-01,2026,[01] January,"Cardona, Rizal",[5] Admin Training,[C] For Training/Others,3rd,Mun,3rd,R4A,
2026-01,2026,[01] January,"Cavinti, Laguna",[2] UAT,[B] Developmental,3rd,Mun,3rd,R4A,v1
2026-01,2026,[01] January,"General Luna, Quezon",[1] Live,[A] Live,4th,Mun,4th,R4A,v1
2026-01,2026,[01] January,"General Nakar, Quezon",[1] Live,[A] Live,1st,Mun,1st,R4A,v1
2026-01,2026,[01] January,"Gumaca, Quezon",[7] To Follow-up,[C] For Training/Others,1st,Mun,1st,R4A,
2026-01,2026,[01] January,"Infanta, Quezon",[1] Live,[A] Live,1st,Mun,1st,R4A,v1
2026-01,2026,[01] January,"Lemery, Batangas",[8] Withdraw,[D] Withdraw,1st,Mun,1st,R4A,
2026-01,2026,[01] January,"Lian, Batangas",[1] Live,[A] Live,3rd,Mun,3rd,R4A,v1
2026-01,2026,[01] January,"Mabini, Batangas",[1] Live,[A] Live,1st,Mun,1st,R4A,v1
2026-01,2026,[01] January,"Magallanes, Cavite",[1] Live,[A] Live,4th,Mun,4th,R4A,v1
2026-01,2026,[01] January,"Mauban, Quezon",[1] Live,[A] Live,1st,Mun,1st,R4A,v1
2026-01,2026,[01] January,"Naic, Cavite",[1] Live,[A] Live,1st,Mun,1st,R4A,v1
2026-01,2026,[01] January,"Paete, Laguna",[1] Live,[A] Live,4th,Mun,4th,R4A,v1
2026-01,2026,[01] January,"Pitogo, Quezon",[2] UAT,[B] Developmental,4th,Mun,4th,R4A,v1
2026-01,2026,[01] January,"Sampaloc, Quezon",[1] Live,[A] Live,5th,Mun,5th,R4A,v1
2026-01,2026,[01] January,"San Luis, Batangas",[1] Live,[A] Live,4th,Mun,4th,R4A,v1
2026-01,2026,[01] January,"San Nicolas, Batangas",[1] Live,[A] Live,5th,Mun,5th,R4A,v1
2026-01,2026,[01] January,"Santa Teresita, Batangas",[1] Live,[A] Live,5th,Mun,5th,R4A,v1
2026-01,2026,[01] January,"Taal, Batangas",[1] Live,[A] Live,3rd,Mun,3rd,R4A,v1
2026-01,2026,[01] January,"Tanay, Rizal",[4] For Data Build-up,[B] Developmental,1st,Mun,1st,R4A,v1
2026-01,2026,[01] January,"City of Tabuk, Kalinga",[1] Live,[A] Live,5th,City,5th,CAR,v1
2026-01,2026,[01] January,"Aliaga, Nueva Ecija",[8] Withdraw,[D] Withdraw,2nd,Mun,2nd,R3,
2026-01,2026,[01] January,"Arayat, Pampanga",[1] Live,[A] Live,1st,Mun,1st,R3,v1
2026-01,2026,[01] January,"Baler, Aurora",[1] Live,[A] Live,3rd,Mun,3rd,R3,v1
2026-01,2026,[01] January,"Cabiao, Nueva Ecija",[3] System Setup,[B] Developmental,1st,Mun,1st,R3,v1
2026-01,2026,[01] January,"Casiguran, Aurora",[1] Live,[A] Live,2nd,Mun,2nd,R3,v1
2026-01,2026,[01] January,"City of Meycauayan, Bulacan",[8] Withdraw,[D] Withdraw,3rd,City,3rd,R3,
2026-01,2026,[01] January,"City of Olongapo, Zambales",[8] Withdraw,[D] Withdraw,1st,City,1st,R3,
2026-01,2026,[01] January,"City of Palayan, Nueva Ecija",[2] UAT,[B] Developmental,5th,City,5th,R3,v1
2026-01,2026,[01] January,"Dingalan, Aurora",[2] UAT,[B] Developmental,3rd,Mun,3rd,R3,v1
2026-01,2026,[01] January,"Dipaculao, Aurora",[1] Live,[A] Live,3rd,Mun,3rd,R3,v1
2026-01,2026,[01] January,"Gabaldon, Nueva Ecija",[2] UAT,[B] Developmental,4th,Mun,4th,R3,v1
2026-01,2026,[01] January,"Gerona, Tarlac",[1] Live,[A] Live,1st,Mun,1st,R3,v1
2026-01,2026,[01] January,"Iba, Zambales",[2] UAT,[B] Developmental,2nd,Mun,2nd,R3,v1
2026-01,2026,[01] January,"Limay, Bataan",[6] With Concerns,[C] For Training/Others,1st,Mun,1st,R3,v1
2026-01,2026,[01] January,"Macabebe, Pampanga",[6] With Concerns,[C] For Training/Others,1st,Mun,1st,R3,v1
2026-01,2026,[01] January,"Maria Aurora, Aurora",[1] Live,[A] Live,2nd,Mun,2nd,R3,v1
2026-01,2026,[01] January,"Norzagaray, Bulacan",[1] Live,[A] Live,1st,Mun,1st,R3,v1
2026-01,2026,[01] January,"San Antonio, Zambales",[2] UAT,[B] Developmental,2nd,Mun,2nd,R3,v1
2026-01,2026,[01] January,"San Luis, Pampanga",[6] With Concerns,[C] For Training/Others,3rd,Mun,3rd,R3,v1
2026-01,2026,[01] January,"San Narciso, Zambales",[1] Live,[A] Live,4th,Mun,4th,R3,v1
2026-01,2026,[01] January,"Santa Ignacia, Tarlac",[1] Live,[A] Live,2nd,Mun,2nd,R3,v1
2026-01,2026,[01] January,"Zaragoza, Nueva Ecija",[2] UAT,[B] Developmental,3rd,Mun,3rd,R3,v1
2026-01,2026,[01] January,"City of Batac, Ilocos Norte",[1] Live,[A] Live,5th,City,5th,R1,v1
2026-01,2026,[01] January,"City of Laoag, Ilocos Norte",[5] Admin Training,[C] For Training/Others,3rd,City,3rd,R1,
2026-01,2026,[01] January,"Dasol, Pangasinan",[7] To Follow-up,[C] For Training/Others,3rd,Mun,3rd,R1,
2026-01,2026,[01] January,"Laoac, Pangasinan",[7] To Follow-up,[C] For Training/Others,4th,Mun,4th,R1,
2026-01,2026,[01] January,"Pagudpud, Ilocos Norte",[2] UAT,[B] Developmental,4th,Mun,4th,R1,v1
2026-01,2026,[01] January,"Pozorrubio, Pangasinan",[5] Admin Training,[C] For Training/Others,1st,Mun,1st,R1,
2026-01,2026,[01] January,"San Esteban, Ilocos Sur",[5] Admin Training,[C] For Training/Others,5th,Mun,5th,R1,
2026-01,2026,[01] January,"Alcantara, Cebu",[3] System Setup,[B] Developmental,5th,Mun,5th,R7,v1
2026-01,2026,[01] January,"Argao, Cebu",[1] Live,[A] Live,1st,Mun,1st,R7,v1
2026-01,2026,[01] January,"Balamban, Cebu",[1] Live,[A] Live,1st,Mun,1st,R7,v1
2026-01,2026,[01] January,"Buenavista, Bohol",[1] Live,[A] Live,4th,Mun,4th,R7,v1
2026-01,2026,[01] January,"Candijay, Bohol",[1] Live,[A] Live,4th,Mun,4th,R7,v1
2026-01,2026,[01] January,"City of Mandaue, Cebu",[3] System Setup,[B] Developmental,1st,City,1st,R7,v1
2026-01,2026,[01] January,"Compostela, Cebu",[3] System Setup,[B] Developmental,3rd,Mun,3rd,R7,v1
2026-01,2026,[01] January,"Daanbantayan, Cebu",[3] System Setup,[B] Developmental,1st,Mun,1st,R7,v1
2026-01,2026,[01] January,"Danao, Bohol",[1] Live,[A] Live,4th,Mun,4th,R7,v1
2026-01,2026,[01] January,"Madridejos, Cebu",[1] Live,[A] Live,4th,Mun,4th,R7,v1
2026-01,2026,[01] January,"Minglanilla, Cebu",[7] To Follow-up,[C] For Training/Others,1st,Mun,1st,R7,
2026-01,2026,[01] January,"Pinamungajan, Cebu",[1] Live,[A] Live,2nd,Mun,2nd,R7,v1
2026-01,2026,[01] January,"Samboan, Cebu",[8] Withdraw,[D] Withdraw,5th,Mun,5th,R7,
2026-01,2026,[01] January,"San Francisco, Cebu",[2] UAT,[B] Developmental,3rd,Mun,3rd,R7,v1
2026-01,2026,[01] January,"Trinidad, Bohol",[1] Live,[A] Live,3rd,Mun,3rd,R7,v1
2026-01,2026,[01] January,"Tuburan, Cebu",[1] Live,[A] Live,2nd,Mun,2nd,R7,v1
2026-01,2026,[01] January,"Tudela, Cebu",[1] Live,[A] Live,5th,Mun,5th,R7,v1
2026-01,2026,[01] January,"Abuyog, Leyte",[1] Live,[A] Live,1st,Mun,1st,R8,v1
2026-01,2026,[01] January,"Alangalang, Leyte",[1] Live,[A] Live,2nd,Mun,2nd,R8,v1
2026-01,2026,[01] January,"Albuera, Leyte",[1] Live,[A] Live,3rd,Mun,3rd,R8,v1
2026-01,2026,[01] January,"Basey, Samar",[1] Live,[A] Live,1st,Mun,1st,R8,v1
2026-01,2026,[01] January,"Bontoc, Southern Leyte",[2] UAT,[B] Developmental,4th,Mun,4th,R8,v1
2026-01,2026,[01] January,"Caibiran, Biliran",[1] Live,[A] Live,5th,Mun,5th,R8,v1
2026-01,2026,[01] January,"Carigara, Leyte",[1] Live,[A] Live,2nd,Mun,2nd,R8,v1
2026-01,2026,[01] January,"City of Borongan, Eastern Samar",[1] Live,[A] Live,1st,City,1st,R8,v1
2026-01,2026,[01] January,"City of Catbalogan, Samar",[1] Live,[A] Live,5th,City,5th,R8,v1
2026-01,2026,[01] January,"City of Maasin, Southern Leyte",[1] Live,[A] Live,4th,City,4th,R8,v1
2026-01,2026,[01] January,"Gandara, Samar",[2] UAT,[B] Developmental,2nd,Mun,2nd,R8,v1
2026-01,2026,[01] January,"Guiuan, Eastern Samar",[1] Live,[A] Live,2nd,Mun,2nd,R8,v1
2026-01,2026,[01] January,"Hilongos, Leyte",[2] UAT,[B] Developmental,2nd,Mun,2nd,R8,v1
2026-01,2026,[01] January,"Hindang, Leyte",[1] Live,[A] Live,5th,Mun,5th,R8,v1
2026-01,2026,[01] January,"Inopacan, Leyte",[1] Live,[A] Live,4th,Mun,4th,R8,v1
2026-01,2026,[01] January,"Javier, Leyte",[1] Live,[A] Live,4th,Mun,4th,R8,v1
2026-01,2026,[01] January,"Jiabong, Samar",[1] Live,[A] Live,5th,Mun,5th,R8,v1
2026-01,2026,[01] January,"Kananga, Leyte",[1] Live,[A] Live,1st,Mun,1st,R8,v1
2026-01,2026,[01] January,"Kawayan, Biliran",[8] Withdraw,[D] Withdraw,5th,Mun,5th,R8,
2026-01,2026,[01] January,"La Paz, Leyte",[1] Live,[A] Live,5th,Mun,5th,R8,v1
2026-01,2026,[01] January,"Leyte, Leyte",[1] Live,[A] Live,4th,Mun,4th,R8,v1
2026-01,2026,[01] January,"Liloan, Southern Leyte",[1] Live,[A] Live,4th,Mun,4th,R8,v1
2026-01,2026,[01] January,"Macrohon, Southern Leyte",[1] Live,[A] Live,4th,Mun,4th,R8,v1
2026-01,2026,[01] January,"Malitbog, Southern Leyte",[2] UAT,[B] Developmental,4th,Mun,4th,R8,v1
2026-01,2026,[01] January,"Mayorga, Leyte",[2] UAT,[B] Developmental,5th,Mun,5th,R8,v1
2026-01,2026,[01] January,"Motiong, Samar",[2] UAT,[B] Developmental,4th,Mun,4th,R8,v1
2026-01,2026,[01] January,"Naval, Biliran",[1] Live,[A] Live,2nd,Mun,2nd,R8,v1
2026-01,2026,[01] January,"Padre Burgos, Southern Leyte",[2] UAT,[B] Developmental,5th,Mun,5th,R8,v1
2026-01,2026,[01] January,"Palo, Leyte",[1] Live,[A] Live,3rd,Mun,3rd,R8,v1
2026-01,2026,[01] January,"Pambujan, Northern Samar",[1] Live,[A] Live,4th,Mun,4th,R8,v1
2026-01,2026,[01] January,"Paranas, Samar",[1] Live,[A] Live,2nd,Mun,2nd,R8,v1
2026-01,2026,[01] January,"Pastrana, Leyte",[1] Live,[A] Live,5th,Mun,5th,R8,v1
2026-01,2026,[01] January,"San Juan, Southern Leyte",[1] Live,[A] Live,5th,Mun,5th,R8,v1
2026-01,2026,[01] January,"San Roque, Northern Samar",[1] Live,[A] Live,4th,Mun,4th,R8,v1
2026-01,2026,[01] January,"Santa Rita, Samar",[2] UAT,[B] Developmental,3rd,Mun,3rd,R8,v1
2026-01,2026,[01] January,"Sogod, Southern Leyte",[1] Live,[A] Live,2nd,Mun,2nd,R8,v1
2026-01,2026,[01] January,"Tomas Oppus, Southern Leyte",[1] Live,[A] Live,5th,Mun,5th,R8,v1
2026-01,2026,[01] January,"Bansalan, Davao del Sur",[1] Live,[A] Live,1st,Mun,1st,R11,v1
2026-01,2026,[01] January,"Boston, Davao Oriental",[1] Live,[A] Live,3rd,Mun,3rd,R11,v1
2026-01,2026,[01] January,"Carmen, Davao del Norte",[1] Live,[A] Live,1st,Mun,1st,R11,v1
2026-01,2026,[01] January,"Cateel, Davao Oriental",[1] Live,[A] Live,2nd,Mun,2nd,R11,v1
2026-01,2026,[01] January,"City of Digos, Davao del Sur",[1] Live,[A] Live,2nd,City,2nd,R11,v1
2026-01,2026,[01] January,"City of Mati, Davao Oriental",[1] Live,[A] Live,5th,City,5th,R11,v1
2026-01,2026,[01] January,"Governor Generoso, Davao Oriental",[2] UAT,[B] Developmental,2nd,Mun,2nd,R11,v1
2026-01,2026,[01] January,"Lupon, Davao Oriental",[1] Live,[A] Live,1st,Mun,1st,R11,v1
2026-01,2026,[01] January,"Malalag, Davao del Sur",[1] Live,[A] Live,2nd,Mun,2nd,R11,v1
2026-01,2026,[01] January,"Manay, Davao Oriental",[1] Live,[A] Live,2nd,Mun,2nd,R11,v1
2026-01,2026,[01] January,"Maragusan, Davao de Oro",[1] Live,[A] Live,1st,Mun,1st,R11,v1
2026-01,2026,[01] January,"Matanao, Davao del Sur",[1] Live,[A] Live,2nd,Mun,2nd,R11,v1
2026-01,2026,[01] January,"Padada, Davao del Sur",[1] Live,[A] Live,3rd,Mun,3rd,R11,v1
2026-01,2026,[01] January,"Santa Cruz, Davao del Sur",[2] UAT,[B] Developmental,1st,Mun,1st,R11,v1
2026-01,2026,[01] January,"Sulop, Davao del Sur",[1] Live,[A] Live,3rd,Mun,3rd,R11,v1
2026-01,2026,[01] January,"Tarragona, Davao Oriental",[1] Live,[A] Live,3rd,Mun,3rd,R11,v1
2026-01,2026,[01] January,"Magsaysay, Davao del Sur",[1] Live,[A] Live,3rd,Mun,3rd,R11,v1
2026-01,2026,[01] January,"New Bataan, Davao de Oro",[1] Live,[A] Live,1st,Mun,1st,R11,v1
2026-01,2026,[01] January,"Aurora, Isabela",[6] With Concerns,[C] For Training/Others,3rd,Mun,3rd,R2,v1
2026-01,2026,[01] January,"City of Ilagan, Isabela",[1] Live,[A] Live,1st,City,1st,R2,v1
2026-01,2026,[01] January,"Aroroy, Masbate",[3] System Setup,[B] Developmental,1st,Mun,1st,R5,v1
2026-01,2026,[01] January,"Barcelona, Sorsogon",[3] System Setup,[B] Developmental,5th,Mun,5th,R5,v1
2026-01,2026,[01] January,"Capalonga, Camarines Norte",[3] System Setup,[B] Developmental,3rd,Mun,3rd,R5,v1
2026-01,2026,[01] January,"Jose Panganiban, Camarines Norte",[3] System Setup,[B] Developmental,2nd,Mun,2nd,R5,v1
2026-01,2026,[01] January,"Labo, Camarines Norte",[6] With Concerns,[C] For Training/Others,1st,Mun,1st,R5,v1
2026-01,2026,[01] January,"Mercedes, Camarines Norte",[3] System Setup,[B] Developmental,2nd,Mun,2nd,R5,v1
2026-01,2026,[01] January,"Talisay, Camarines Norte",[1] Live,[A] Live,4th,Mun,4th,R5,v1
2026-01,2026,[01] January,"Tiwi, Albay",[8] Withdraw,[D] Withdraw,1st,Mun,1st,R5,
2026-01,2026,[01] January,"Vinzons, Camarines Norte",[3] System Setup,[B] Developmental,3rd,Mun,3rd,R5,v1
2026-01,2026,[01] January,"Virac, Catanduanes",[6] With Concerns,[C] For Training/Others,1st,Mun,1st,R5,v1
2026-01,2026,[01] January,"Aloran, Misamis Occidental",[1] Live,[A] Live,4th,Mun,4th,R10,v1
2026-01,2026,[01] January,"Bacolod, Lanao del Norte",[1] Live,[A] Live,4th,Mun,4th,R10,v1
2026-01,2026,[01] January,"Baroy, Lanao del Norte",[3] System Setup,[B] Developmental,4th,Mun,4th,R10,v1
2026-01,2026,[01] January,"Bonifacio, Misamis Occidental",[7] To Follow-up,[C] For Training/Others,4th,Mun,4th,R10,
2026-01,2026,[01] January,"Calamba, Misamis Occidental",[1] Live,[A] Live,4th,Mun,4th,R10,v1
2026-01,2026,[01] January,"Catarman, Camiguin",[2] UAT,[B] Developmental,5th,Mun,5th,R10,v1
2026-01,2026,[01] January,"City of Gingoog, Misamis Oriental",[1] Live,[A] Live,2nd,City,2nd,R10,v1
2026-01,2026,[01] January,"City of Tangub, Misamis Occidental",[5] Admin Training,[C] For Training/Others,4th,City,4th,R10,
2026-01,2026,[01] January,"Clarin, Misamis Occidental",[5] Admin Training,[C] For Training/Others,4th,Mun,4th,R10,
2026-01,2026,[01] January,"Claveria, Misamis Oriental",[1] Live,[A] Live,1st,Mun,1st,R10,v1
2026-01,2026,[01] January,"Jasaan, Misamis Oriental",[1] Live,[A] Live,2nd,Mun,2nd,R10,v1
2026-01,2026,[01] January,"Kapatagan, Lanao del Norte",[1] Live,[A] Live,2nd,Mun,2nd,R10,v1
2026-01,2026,[01] January,"Lagonglong, Misamis Oriental",[1] Live,[A] Live,5th,Mun,5th,R10,v1
2026-01,2026,[01] January,"Libertad, Misamis Oriental",[1] Live,[A] Live,5th,Mun,5th,R10,v1
2026-01,2026,[01] January,"Mahinog, Camiguin",[1] Live,[A] Live,5th,Mun,5th,R10,v1
2026-01,2026,[01] January,"Maigo, Lanao del Norte",[1] Live,[A] Live,4th,Mun,4th,R10,v1
2026-01,2026,[01] January,"Mambajao, Camiguin",[1] Live,[A] Live,3rd,Mun,3rd,R10,v1
2026-01,2026,[01] January,"Manticao, Misamis Oriental",[1] Live,[A] Live,4th,Mun,4th,R10,v1
2026-01,2026,[01] January,"Naawan, Misamis Oriental",[1] Live,[A] Live,4th,Mun,4th,R10,v1
2026-01,2026,[01] January,"Plaridel, Misamis Occidental",[1] Live,[A] Live,3rd,Mun,3rd,R10,v1
2026-01,2026,[01] January,"Sagay, Camiguin",[2] UAT,[B] Developmental,5th,Mun,5th,R10,v1
2026-01,2026,[01] January,"Salay, Misamis Oriental",[1] Live,[A] Live,4th,Mun,4th,R10,v1
2026-01,2026,[01] January,"Sinacaban, Misamis Occidental",[1] Live,[A] Live,5th,Mun,5th,R10,v1
2026-01,2026,[01] January,"Tagoloan, Misamis Oriental",[8] Withdraw,[D] Withdraw,1st,Mun,1st,R10,
2026-01,2026,[01] January,"Talisayan, Misamis Oriental",[1] Live,[A] Live,4th,Mun,4th,R10,v1
2026-01,2026,[01] January,"Tubod, Lanao del Norte",[7] To Follow-up,[C] For Training/Others,2nd,Mun,2nd,R10,
2026-02,2026,[02] February,"Alimodian, Iloilo",[1] Live,[A] Live,3rd,Mun,3rd,R6,v1
2026-02,2026,[02] February,"Anilao, Iloilo",[1] Live,[A] Live,4th,Mun,4th,R6,v1
2026-02,2026,[02] February,"Balasan, Iloilo",[1] Live,[A] Live,4th,Mun,4th,R6,v1
2026-02,2026,[02] February,"Barbaza, Antique",[1] Live,[A] Live,4th,Mun,4th,R6,v1
2026-02,2026,[02] February,"Barotac Nuevo, Iloilo",[1] Live,[A] Live,2nd,Mun,2nd,R6,v1
2026-02,2026,[02] February,"Barotac Viejo, Iloilo",[5] Admin Training,[C] For Training/Others,3rd,Mun,3rd,R6,
2026-02,2026,[02] February,"Bingawan, Iloilo",[1] Live,[A] Live,5th,Mun,5th,R6,v1
2026-02,2026,[02] February,"Buenavista, Guimaras",[1] Live,[A] Live,2nd,Mun,2nd,R6,v1
2026-02,2026,[02] February,"Bugasong, Antique",[1] Live,[A] Live,3rd,Mun,3rd,R6,v1
2026-02,2026,[02] February,"Cabatuan, Iloilo",[1] Live,[A] Live,2nd,Mun,2nd,R6,v1
2026-02,2026,[02] February,"Calinog, Iloilo",[1] Live,[A] Live,1st,Mun,1st,R6,v1
2026-02,2026,[02] February,"Concepcion, Iloilo",[1] Live,[A] Live,3rd,Mun,3rd,R6,v1
2026-02,2026,[02] February,"Dingle, Iloilo",[1] Live,[A] Live,3rd,Mun,3rd,R6,v1
2026-02,2026,[02] February,"Janiuay, Iloilo",[1] Live,[A] Live,1st,Mun,1st,R6,v1
2026-02,2026,[02] February,"Lambunao, Iloilo",[5] Admin Training,[C] For Training/Others,1st,Mun,1st,R6,
2026-02,2026,[02] February,"Laua-An, Antique",[1] Live,[A] Live,4th,Mun,4th,R6,v1
2026-02,2026,[02] February,"Libertad, Antique",[1] Live,[A] Live,5th,Mun,5th,R6,v1
2026-02,2026,[02] February,"Miagao, Iloilo",[5] Admin Training,[C] For Training/Others,1st,Mun,1st,R6,
2026-02,2026,[02] February,"Mina, Iloilo",[1] Live,[A] Live,5th,Mun,5th,R6,v1
2026-02,2026,[02] February,"New Lucena, Iloilo",[1] Live,[A] Live,4th,Mun,4th,R6,v1
2026-02,2026,[02] February,"New Washington, Aklan",[1] Live,[A] Live,3rd,Mun,3rd,R6,v1
2026-02,2026,[02] February,"Oton, Iloilo",[8] Withdraw,[D] Withdraw,1st,Mun,1st,R6,
2026-02,2026,[02] February,"Pandan, Antique",[1] Live,[A] Live,4th,Mun,4th,R6,v1
2026-02,2026,[02] February,"Patnongon, Antique",[1] Live,[A] Live,3rd,Mun,3rd,R6,v1
2026-02,2026,[02] February,"San Joaquin, Iloilo",[5] Admin Training,[C] For Training/Others,2nd,Mun,2nd,R6,
2026-02,2026,[02] February,"San Remigio, Antique",[1] Live,[A] Live,3rd,Mun,3rd,R6,v1
2026-02,2026,[02] February,"Santa Barbara, Iloilo",[1] Live,[A] Live,2nd,Mun,2nd,R6,v1
2026-02,2026,[02] February,"Sapi-An, Capiz",[1] Live,[A] Live,4th,Mun,4th,R6,v1
2026-02,2026,[02] February,"Sara, Iloilo",[1] Live,[A] Live,2nd,Mun,2nd,R6,v1
2026-02,2026,[02] February,"Sebaste, Antique",[5] Admin Training,[C] For Training/Others,4th,Mun,4th,R6,
2026-02,2026,[02] February,"Tangalan, Aklan",[1] Live,[A] Live,5th,Mun,5th,R6,v1
2026-02,2026,[02] February,"Tapaz, Capiz",[1] Live,[A] Live,1st,Mun,1st,R6,v1
2026-02,2026,[02] February,"Tobias Fornier, Antique",[8] Withdraw,[D] Withdraw,4th,Mun,4th,R6,
2026-02,2026,[02] February,"Zarraga, Iloilo",[5] Admin Training,[C] For Training/Others,4th,Mun,4th,R6,
2026-02,2026,[02] February,"Upi, Maguindanao del Norte",[1] Live,[A] Live,1st,Mun,1st,BARMM II,v1
2026-02,2026,[02] February,"City of Batac, Ilocos Norte",[1] Live,[A] Live,5th,City,5th,R1,v1
2026-02,2026,[02] February,"City of Laoag, Ilocos Norte",[5] Admin Training,[C] For Training/Others,3rd,City,3rd,R1,
2026-02,2026,[02] February,"Dasol, Pangasinan",[7] To Follow-up,[C] For Training/Others,3rd,Mun,3rd,R1,
2026-02,2026,[02] February,"Laoac, Pangasinan",[7] To Follow-up,[C] For Training/Others,4th,Mun,4th,R1,
2026-02,2026,[02] February,"Pagudpud, Ilocos Norte",[2] UAT,[B] Developmental,4th,Mun,4th,R1,v1
2026-02,2026,[02] February,"Pozorrubio, Pangasinan",[5] Admin Training,[C] For Training/Others,1st,Mun,1st,R1,
2026-02,2026,[02] February,"Dumingag, Zamboanga del Sur",[7] To Follow-up,[C] For Training/Others,2nd,Mun,2nd,R9,
2026-02,2026,[02] February,"Guipos, Zamboanga del Sur",[1] Live,[A] Live,4th,Mun,4th,R9,v1
2026-02,2026,[02] February,"Labangan, Zamboanga del Sur",[7] To Follow-up,[C] For Training/Others,3rd,Mun,3rd,R9,
2026-02,2026,[02] February,"Lakewood, Zamboanga del Sur",[1] Live,[A] Live,4th,Mun,4th,R9,v1
2026-02,2026,[02] February,"Polanco, Zamboanga del Norte",[1] Live,[A] Live,3rd,Mun,3rd,R9,v1
2026-02,2026,[02] February,"Pres. Manuel A. Roxas, Zamboanga del Norte",[7] To Follow-up,[C] For Training/Others,2nd,Mun,2nd,R9,
2026-02,2026,[02] February,"Rizal, Zamboanga del Norte",[2] UAT,[B] Developmental,5th,Mun,5th,R9,v1
2026-02,2026,[02] February,"San Pablo, Zamboanga del Sur",[7] To Follow-up,[C] For Training/Others,4th,Mun,4th,R9,
2026-02,2026,[02] February,"Siayan, Zamboanga del Norte",[1] Live,[A] Live,2nd,Mun,2nd,R9,v1
2026-02,2026,[02] February,"Sindangan, Zamboanga del Norte",[7] To Follow-up,[C] For Training/Others,1st,Mun,1st,R9,
2026-02,2026,[02] February,"Tabina, Zamboanga del Sur",[1] Live,[A] Live,4th,Mun,4th,R9,v1
2026-02,2026,[02] February,"Talipao, Sulu",[1] Live,[A] Live,1st,Mun,1st,BARMM I,v1
2026-02,2026,[02] February,"Titay, Zamboanga Sibugay",[1] Live,[A] Live,2nd,Mun,2nd,R9,v1
2026-02,2026,[02] February,"Amlan, Negros Oriental",[3] System Setup,[B] Developmental,4th,Mun,4th,NIR,v1
2026-02,2026,[02] February,"Basay, Negros Oriental",[1] Live,[A] Live,4th,Mun,4th,NIR,v1
2026-02,2026,[02] February,"City of Canlaon, Negros Oriental",[1] Live,[A] Live,4th,City,4th,NIR,v1
2026-02,2026,[02] February,"San Jose, Negros Oriental",[2] UAT,[B] Developmental,5th,Mun,5th,NIR,v1
2026-02,2026,[02] February,"City of Himamaylan, Negros Occidental",[1] Live,[A] Live,3rd,City,3rd,NIR,v1
2026-02,2026,[02] February,"Hinigaran, Negros Occidental",[1] Live,[A] Live,1st,Mun,1st,NIR,v1
2026-02,2026,[02] February,"Manapla, Negros Occidental",[1] Live,[A] Live,2nd,Mun,2nd,NIR,v1
2026-02,2026,[02] February,"Moises Padilla, Negros Occidental",[1] Live,[A] Live,3rd,Mun,3rd,NIR,v1
2026-02,2026,[02] February,"City of Sipalay, Negros Occidental",[1] Live,[A] Live,4th,City,4th,NIR,v1
2026-02,2026,[02] February,"City of Bacolod, Negros Occidental",[1] Live,[A] Live,1st,City,1st,NIR,v1
2026-02,2026,[02] February,"City of Kabankalan, Negros Occidental",[1] Live,[A] Live,1st,City,1st,NIR,v1
2026-02,2026,[02] February,"City of Dumaguete, Negros Oriental",[7] To Follow-up,[C] For Training/Others,3rd,City,3rd,NIR,
2026-02,2026,[02] February,"Aloran, Misamis Occidental",[1] Live,[A] Live,4th,Mun,4th,R10,v1
2026-02,2026,[02] February,"Bacolod, Lanao del Norte",[1] Live,[A] Live,4th,Mun,4th,R10,v1
2026-02,2026,[02] February,"Baroy, Lanao del Norte",[3] System Setup,[B] Developmental,4th,Mun,4th,R10,v1
2026-02,2026,[02] February,"Bonifacio, Misamis Occidental",[7] To Follow-up,[C] For Training/Others,4th,Mun,4th,R10,
2026-02,2026,[02] February,"Calamba, Misamis Occidental",[1] Live,[A] Live,4th,Mun,4th,R10,v1
2026-02,2026,[02] February,"Catarman, Camiguin",[2] UAT,[B] Developmental,5th,Mun,5th,R10,v1
2026-02,2026,[02] February,"City of Gingoog, Misamis Oriental",[1] Live,[A] Live,2nd,City,2nd,R10,v1
2026-02,2026,[02] February,"City of Tangub, Misamis Occidental",[5] Admin Training,[C] For Training/Others,4th,City,4th,R10,
2026-02,2026,[02] February,"Clarin, Misamis Occidental",[5] Admin Training,[C] For Training/Others,4th,Mun,4th,R10,
2026-02,2026,[02] February,"Claveria, Misamis Oriental",[1] Live,[A] Live,1st,Mun,1st,R10,v1
2026-02,2026,[02] February,"Jasaan, Misamis Oriental",[1] Live,[A] Live,2nd,Mun,2nd,R10,v1
2026-02,2026,[02] February,"Kapatagan, Lanao del Norte",[1] Live,[A] Live,2nd,Mun,2nd,R10,v1
2026-02,2026,[02] February,"Lagonglong, Misamis Oriental",[1] Live,[A] Live,5th,Mun,5th,R10,v1
2026-02,2026,[02] February,"Libertad, Misamis Oriental",[1] Live,[A] Live,5th,Mun,5th,R10,v1
2026-02,2026,[02] February,"Mahinog, Camiguin",[1] Live,[A] Live,5th,Mun,5th,R10,v1
2026-02,2026,[02] February,"Maigo, Lanao del Norte",[1] Live,[A] Live,4th,Mun,4th,R10,v1
2026-02,2026,[02] February,"Mambajao, Camiguin",[1] Live,[A] Live,3rd,Mun,3rd,R10,v1
2026-02,2026,[02] February,"Manticao, Misamis Oriental",[1] Live,[A] Live,4th,Mun,4th,R10,v1
2026-02,2026,[02] February,"Naawan, Misamis Oriental",[1] Live,[A] Live,4th,Mun,4th,R10,v1
2026-02,2026,[02] February,"Plaridel, Misamis Occidental",[1] Live,[A] Live,3rd,Mun,3rd,R10,v1
2026-02,2026,[02] February,"Sagay, Camiguin",[1] Live,[A] Live,5th,Mun,5th,R10,v1
2026-02,2026,[02] February,"Salay, Misamis Oriental",[1] Live,[A] Live,4th,Mun,4th,R10,v1
2026-02,2026,[02] February,"Sinacaban, Misamis Occidental",[1] Live,[A] Live,5th,Mun,5th,R10,v1
2026-02,2026,[02] February,"Tagoloan, Misamis Oriental",[8] Withdraw,[D] Withdraw,1st,Mun,1st,R10,
2026-02,2026,[02] February,"Talisayan, Misamis Oriental",[1] Live,[A] Live,4th,Mun,4th,R10,v1
2026-02,2026,[02] February,"Tubod, Lanao del Norte",[7] To Follow-up,[C] For Training/Others,2nd,Mun,2nd,R10,
2026-02,2026,[02] February,"Bansalan, Davao del Sur",[1] Live,[A] Live,1st,Mun,1st,R11,v1
2026-02,2026,[02] February,"Boston, Davao Oriental",[1] Live,[A] Live,3rd,Mun,3rd,R11,v1
2026-02,2026,[02] February,"Carmen, Davao del Norte",[1] Live,[A] Live,1st,Mun,1st,R11,v1
2026-02,2026,[02] February,"Cateel, Davao Oriental",[1] Live,[A] Live,2nd,Mun,2nd,R11,v1
2026-02,2026,[02] February,"City of Digos, Davao del Sur",[1] Live,[A] Live,2nd,City,2nd,R11,v1
2026-02,2026,[02] February,"City of Mati, Davao Oriental",[1] Live,[A] Live,5th,City,5th,R11,v1
2026-02,2026,[02] February,"Governor Generoso, Davao Oriental",[2] UAT,[B] Developmental,2nd,Mun,2nd,R11,v1
2026-02,2026,[02] February,"Lupon, Davao Oriental",[1] Live,[A] Live,1st,Mun,1st,R11,v1
2026-02,2026,[02] February,"Malalag, Davao del Sur",[1] Live,[A] Live,2nd,Mun,2nd,R11,v1
2026-02,2026,[02] February,"Manay, Davao Oriental",[1] Live,[A] Live,2nd,Mun,2nd,R11,v1
2026-02,2026,[02] February,"Maragusan, Davao de Oro",[1] Live,[A] Live,1st,Mun,1st,R11,v1
2026-02,2026,[02] February,"Matanao, Davao del Sur",[1] Live,[A] Live,2nd,Mun,2nd,R11,v1
2026-02,2026,[02] February,"Padada, Davao del Sur",[1] Live,[A] Live,3rd,Mun,3rd,R11,v1
2026-02,2026,[02] February,"Santa Cruz, Davao del Sur",[2] UAT,[B] Developmental,1st,Mun,1st,R11,v1
2026-02,2026,[02] February,"Sulop, Davao del Sur",[1] Live,[A] Live,3rd,Mun,3rd,R11,v1
2026-02,2026,[02] February,"Tarragona, Davao Oriental",[1] Live,[A] Live,3rd,Mun,3rd,R11,v1
2026-02,2026,[02] February,"Magsaysay, Davao del Sur",[1] Live,[A] Live,3rd,Mun,3rd,R11,v1
2026-02,2026,[02] February,"New Bataan, Davao de Oro",[1] Live,[A] Live,1st,Mun,1st,R11,v1
2026-02,2026,[02] February,"Bagumbayan, Sultan Kudarat",[3] System Setup,[B] Developmental,1st,Mun,1st,R12,v1
2026-02,2026,[02] February,"City of Kidapawan, Cotabato",[1] Live,[A] Live,3rd,City,3rd,R12,v1
2026-02,2026,[02] February,"Kabacan, Cotabato",[1] Live,[A] Live,1st,Mun,1st,R12,v1
2026-02,2026,[02] February,"Lebak, Sultan Kudarat",[7] To Follow-up,[C] For Training/Others,1st,Mun,1st,R12,
2026-02,2026,[02] February,"M'Lang, Cotabato",[3] System Setup,[B] Developmental,1st,Mun,1st,R12,v1
2026-02,2026,[02] February,"Midsayap, Cotabato",[1] Live,[A] Live,1st,Mun,1st,R12,v1
2026-02,2026,[02] February,"Pigkawayan, Cotabato",[3] System Setup,[B] Developmental,1st,Mun,1st,R12,v1
2026-02,2026,[02] February,"Pikit, Cotabato",[1] Live,[A] Live,1st,Mun,1st,R12,v1
2026-02,2026,[02] February,"Bayabas, Surigao del Sur",[1] Live,[A] Live,5th,Mun,5th,R13,v1
2026-02,2026,[02] February,"Carmen, Surigao del Sur",[1] Live,[A] Live,5th,Mun,5th,R13,v1
2026-02,2026,[02] February,"Las Nieves, Agusan del Norte",[1] Live,[A] Live,2nd,Mun,2nd,R13,v1
2026-02,2026,[02] February,"Lingig, Surigao del Sur",[7] To Follow-up,[C] For Training/Others,2nd,Mun,2nd,R13,
2026-02,2026,[02] February,"San Agustin, Surigao del Sur",[2] UAT,[B] Developmental,4th,Mun,4th,R13,v1
2026-02,2026,[02] February,"San Miguel, Surigao del Sur",[1] Live,[A] Live,1st,Mun,1st,R13,v1
2026-02,2026,[02] February,"Socorro, Surigao del Norte",[1] Live,[A] Live,4th,Mun,4th,R13,v1
2026-02,2026,[02] February,"Tagana-An, Surigao del Norte",[1] Live,[A] Live,5th,Mun,5th,R13,v1
2026-02,2026,[02] February,"Tagbina, Surigao del Sur",[1] Live,[A] Live,2nd,Mun,2nd,R13,v1
2026-02,2026,[02] February,"Tago, Surigao del Sur",[1] Live,[A] Live,2nd,Mun,2nd,R13,v1
2026-02,2026,[02] February,"Trento, Agusan del Sur",[2] UAT,[B] Developmental,1st,Mun,1st,R13,v1
2026-02,2026,[02] February,"Tubod, Surigao del Norte",[1] Live,[A] Live,5th,Mun,5th,R13,v1
2026-02,2026,[02] February,"Alabat, Quezon",[1] Live,[A] Live,5th,Mun,5th,R4A,v1
2026-02,2026,[02] February,"Alfonso, Cavite",[1] Live,[A] Live,1st,Mun,1st,R4A,v1
2026-02,2026,[02] February,"Amadeo, Cavite",[2] UAT,[B] Developmental,4th,Mun,4th,R4A,v1
2026-02,2026,[02] February,"Balayan, Batangas",[1] Live,[A] Live,1st,Mun,1st,R4A,v1
2026-02,2026,[02] February,"Candelaria, Quezon",[1] Live,[A] Live,1st,Mun,1st,R4A,v1
2026-02,2026,[02] February,"Cardona, Rizal",[5] Admin Training,[C] For Training/Others,3rd,Mun,3rd,R4A,
2026-02,2026,[02] February,"Cavinti, Laguna",[2] UAT,[B] Developmental,3rd,Mun,3rd,R4A,v1
2026-02,2026,[02] February,"General Luna, Quezon",[1] Live,[A] Live,4th,Mun,4th,R4A,v1
2026-02,2026,[02] February,"General Nakar, Quezon",[1] Live,[A] Live,1st,Mun,1st,R4A,v1
2026-02,2026,[02] February,"Gumaca, Quezon",[7] To Follow-up,[C] For Training/Others,1st,Mun,1st,R4A,
2026-02,2026,[02] February,"Infanta, Quezon",[1] Live,[A] Live,1st,Mun,1st,R4A,v1
2026-02,2026,[02] February,"Lemery, Batangas",[8] Withdraw,[D] Withdraw,1st,Mun,1st,R4A,
2026-02,2026,[02] February,"Lian, Batangas",[1] Live,[A] Live,3rd,Mun,3rd,R4A,v1
2026-02,2026,[02] February,"Mabini, Batangas",[1] Live,[A] Live,1st,Mun,1st,R4A,v1
2026-02,2026,[02] February,"Magallanes, Cavite",[1] Live,[A] Live,4th,Mun,4th,R4A,v1
2026-02,2026,[02] February,"Mauban, Quezon",[1] Live,[A] Live,1st,Mun,1st,R4A,v1
2026-02,2026,[02] February,"Naic, Cavite",[1] Live,[A] Live,1st,Mun,1st,R4A,v1
2026-02,2026,[02] February,"Paete, Laguna",[1] Live,[A] Live,4th,Mun,4th,R4A,v1
2026-02,2026,[02] February,"Pitogo, Quezon",[2] UAT,[B] Developmental,4th,Mun,4th,R4A,v1
2026-02,2026,[02] February,"Sampaloc, Quezon",[1] Live,[A] Live,5th,Mun,5th,R4A,v1
2026-02,2026,[02] February,"San Luis, Batangas",[1] Live,[A] Live,4th,Mun,4th,R4A,v1
2026-02,2026,[02] February,"San Nicolas, Batangas",[1] Live,[A] Live,5th,Mun,5th,R4A,v1
2026-02,2026,[02] February,"Santa Teresita, Batangas",[1] Live,[A] Live,5th,Mun,5th,R4A,v1
2026-02,2026,[02] February,"Taal, Batangas",[1] Live,[A] Live,3rd,Mun,3rd,R4A,v1
2026-02,2026,[02] February,"Tanay, Rizal",[4] For Data Build-up,[B] Developmental,1st,Mun,1st,R4A,v1
2026-02,2026,[02] February,"Alcantara, Cebu",[3] System Setup,[B] Developmental,5th,Mun,5th,R7,v1
2026-02,2026,[02] February,"Argao, Cebu",[1] Live,[A] Live,1st,Mun,1st,R7,v1
2026-02,2026,[02] February,"Balamban, Cebu",[1] Live,[A] Live,1st,Mun,1st,R7,v1
2026-02,2026,[02] February,"Buenavista, Bohol",[1] Live,[A] Live,4th,Mun,4th,R7,v1
2026-02,2026,[02] February,"Candijay, Bohol",[1] Live,[A] Live,4th,Mun,4th,R7,v1
2026-02,2026,[02] February,"City of Mandaue, Cebu",[3] System Setup,[B] Developmental,1st,City,1st,R7,v1
2026-02,2026,[02] February,"Compostela, Cebu",[3] System Setup,[B] Developmental,3rd,Mun,3rd,R7,v1
2026-02,2026,[02] February,"Daanbantayan, Cebu",[3] System Setup,[B] Developmental,1st,Mun,1st,R7,v1
2026-02,2026,[02] February,"Danao, Bohol",[1] Live,[A] Live,4th,Mun,4th,R7,v1
2026-02,2026,[02] February,"Madridejos, Cebu",[1] Live,[A] Live,4th,Mun,4th,R7,v1
2026-02,2026,[02] February,"Minglanilla, Cebu",[7] To Follow-up,[C] For Training/Others,1st,Mun,1st,R7,
2026-02,2026,[02] February,"Pinamungajan, Cebu",[1] Live,[A] Live,2nd,Mun,2nd,R7,v1
2026-02,2026,[02] February,"Samboan, Cebu",[6] With Concerns,[C] For Training/Others,5th,Mun,5th,R7,v1
2026-02,2026,[02] February,"San Francisco, Cebu",[2] UAT,[B] Developmental,3rd,Mun,3rd,R7,v1
2026-02,2026,[02] February,"Trinidad, Bohol",[1] Live,[A] Live,3rd,Mun,3rd,R7,v1
2026-02,2026,[02] February,"Tuburan, Cebu",[1] Live,[A] Live,2nd,Mun,2nd,R7,v1
2026-02,2026,[02] February,"Tudela, Cebu",[1] Live,[A] Live,5th,Mun,5th,R7,v1
2026-02,2026,[02] February,"Abuyog, Leyte",[1] Live,[A] Live,1st,Mun,1st,R8,v1
2026-02,2026,[02] February,"Alangalang, Leyte",[1] Live,[A] Live,2nd,Mun,2nd,R8,v1
2026-02,2026,[02] February,"Albuera, Leyte",[1] Live,[A] Live,3rd,Mun,3rd,R8,v1
2026-02,2026,[02] February,"Basey, Samar",[1] Live,[A] Live,1st,Mun,1st,R8,v1
2026-02,2026,[02] February,"Bontoc, Southern Leyte",[2] UAT,[B] Developmental,4th,Mun,4th,R8,v1
2026-02,2026,[02] February,"Caibiran, Biliran",[1] Live,[A] Live,5th,Mun,5th,R8,v1
2026-02,2026,[02] February,"Carigara, Leyte",[1] Live,[A] Live,2nd,Mun,2nd,R8,v1
2026-02,2026,[02] February,"City of Borongan, Eastern Samar",[1] Live,[A] Live,1st,City,1st,R8,v1
2026-02,2026,[02] February,"City of Catbalogan, Samar",[1] Live,[A] Live,5th,City,5th,R8,v1
2026-02,2026,[02] February,"City of Maasin, Southern Leyte",[1] Live,[A] Live,4th,City,4th,R8,v1
2026-02,2026,[02] February,"Gandara, Samar",[2] UAT,[B] Developmental,2nd,Mun,2nd,R8,v1
2026-02,2026,[02] February,"Guiuan, Eastern Samar",[1] Live,[A] Live,2nd,Mun,2nd,R8,v1
2026-02,2026,[02] February,"Hilongos, Leyte",[2] UAT,[B] Developmental,2nd,Mun,2nd,R8,v1
2026-02,2026,[02] February,"Hindang, Leyte",[1] Live,[A] Live,5th,Mun,5th,R8,v1
2026-02,2026,[02] February,"Inopacan, Leyte",[1] Live,[A] Live,4th,Mun,4th,R8,v1
2026-02,2026,[02] February,"Javier, Leyte",[1] Live,[A] Live,4th,Mun,4th,R8,v1
2026-02,2026,[02] February,"Jiabong, Samar",[1] Live,[A] Live,5th,Mun,5th,R8,v1
2026-02,2026,[02] February,"Kananga, Leyte",[1] Live,[A] Live,1st,Mun,1st,R8,v1
2026-02,2026,[02] February,"Kawayan, Biliran",[8] Withdraw,[D] Withdraw,5th,Mun,5th,R8,
2026-02,2026,[02] February,"La Paz, Leyte",[1] Live,[A] Live,5th,Mun,5th,R8,v1
2026-02,2026,[02] February,"Leyte, Leyte",[1] Live,[A] Live,4th,Mun,4th,R8,v1
2026-02,2026,[02] February,"Liloan, Southern Leyte",[1] Live,[A] Live,4th,Mun,4th,R8,v1
2026-02,2026,[02] February,"Macrohon, Southern Leyte",[1] Live,[A] Live,4th,Mun,4th,R8,v1
2026-02,2026,[02] February,"Malitbog, Southern Leyte",[2] UAT,[B] Developmental,4th,Mun,4th,R8,v1
2026-02,2026,[02] February,"Mayorga, Leyte",[2] UAT,[B] Developmental,5th,Mun,5th,R8,v1
2026-02,2026,[02] February,"Motiong, Samar",[2] UAT,[B] Developmental,4th,Mun,4th,R8,v1
2026-02,2026,[02] February,"Naval, Biliran",[1] Live,[A] Live,2nd,Mun,2nd,R8,v1
2026-02,2026,[02] February,"Padre Burgos, Southern Leyte",[2] UAT,[B] Developmental,5th,Mun,5th,R8,v1
2026-02,2026,[02] February,"Palo, Leyte",[1] Live,[A] Live,3rd,Mun,3rd,R8,v1
2026-02,2026,[02] February,"Pambujan, Northern Samar",[1] Live,[A] Live,4th,Mun,4th,R8,v1
2026-02,2026,[02] February,"Paranas, Samar",[1] Live,[A] Live,2nd,Mun,2nd,R8,v1
2026-02,2026,[02] February,"Pastrana, Leyte",[1] Live,[A] Live,5th,Mun,5th,R8,v1
2026-02,2026,[02] February,"San Juan, Southern Leyte",[1] Live,[A] Live,5th,Mun,5th,R8,v1
2026-02,2026,[02] February,"San Roque, Northern Samar",[1] Live,[A] Live,4th,Mun,4th,R8,v1
2026-02,2026,[02] February,"Santa Rita, Samar",[2] UAT,[B] Developmental,3rd,Mun,3rd,R8,v1
2026-02,2026,[02] February,"Sogod, Southern Leyte",[1] Live,[A] Live,2nd,Mun,2nd,R8,v1
2026-02,2026,[02] February,"Sulat, Eastern Samar",[2] UAT,[B] Developmental,4th,Mun,4th,R8,v1
2026-02,2026,[02] February,"Taft, Eastern Samar",[2] UAT,[B] Developmental,4th,Mun,4th,R8,v1
2026-02,2026,[02] February,"Tomas Oppus, Southern Leyte",[1] Live,[A] Live,5th,Mun,5th,R8,v1
2026-02,2026,[02] February,"Aborlan, Palawan",[3] System Setup,[B] Developmental,1st,Mun,1st,R4B,v1
2026-02,2026,[02] February,"Alcantara, Romblon",[1] Live,[A] Live,5th,Mun,5th,R4B,v1
2026-02,2026,[02] February,"Baco, Oriental Mindoro",[1] Live,[A] Live,3rd,Mun,3rd,R4B,v1
2026-02,2026,[02] February,"Banton, Romblon",[1] Live,[A] Live,5th,Mun,5th,R4B,v1
2026-02,2026,[02] February,"Busuanga, Palawan",[1] Live,[A] Live,3rd,Mun,3rd,R4B,v1
2026-02,2026,[02] February,"Calintaan, Occidental Mindoro",[1] Live,[A] Live,3rd,Mun,3rd,R4B,v1
2026-02,2026,[02] February,"Coron, Palawan",[1] Live,[A] Live,1st,Mun,1st,R4B,v1
2026-02,2026,[02] February,"El Nido, Palawan",[1] Live,[A] Live,1st,Mun,1st,R4B,v1
2026-02,2026,[02] February,"Ferrol, Romblon",[1] Live,[A] Live,6th,Mun,6th,R4B,v1
2026-02,2026,[02] February,"Gloria, Oriental Mindoro",[1] Live,[A] Live,3rd,Mun,3rd,R4B,v1
2026-02,2026,[02] February,"Looc, Romblon",[1] Live,[A] Live,4th,Mun,4th,R4B,v1
2026-02,2026,[02] February,"Pinamalayan, Oriental Mindoro",[1] Live,[A] Live,1st,Mun,1st,R4B,v1
2026-02,2026,[02] February,"Rizal, Occidental Mindoro",[1] Live,[A] Live,3rd,Mun,3rd,R4B,v1
2026-02,2026,[02] February,"Sablayan, Occidental Mindoro",[1] Live,[A] Live,1st,Mun,1st,R4B,v1
2026-02,2026,[02] February,"San Jose, Occidental Mindoro",[1] Live,[A] Live,1st,Mun,1st,R4B,v1
2026-02,2026,[02] February,"San Teodoro, Oriental Mindoro",[1] Live,[A] Live,4th,Mun,4th,R4B,v1
2026-02,2026,[02] February,"San Vicente, Palawan",[1] Live,[A] Live,1st,Mun,1st,R4B,v1
2026-02,2026,[02] February,"City of Tabuk, Kalinga",[1] Live,[A] Live,5th,City,5th,CAR,v1
2026-02,2026,[02] February,"Aliaga, Nueva Ecija",[8] Withdraw,[D] Withdraw,2nd,Mun,2nd,R3,
2026-02,2026,[02] February,"Arayat, Pampanga",[1] Live,[A] Live,1st,Mun,1st,R3,v1
2026-02,2026,[02] February,"Baler, Aurora",[1] Live,[A] Live,3rd,Mun,3rd,R3,v1
2026-02,2026,[02] February,"Cabiao, Nueva Ecija",[3] System Setup,[B] Developmental,1st,Mun,1st,R3,v1
2026-02,2026,[02] February,"Casiguran, Aurora",[1] Live,[A] Live,2nd,Mun,2nd,R3,v1
2026-02,2026,[02] February,"City of Meycauayan, Bulacan",[8] Withdraw,[D] Withdraw,3rd,City,3rd,R3,
2026-02,2026,[02] February,"City of Olongapo, Zambales",[8] Withdraw,[D] Withdraw,1st,City,1st,R3,
2026-02,2026,[02] February,"City of Palayan, Nueva Ecija",[2] UAT,[B] Developmental,5th,City,5th,R3,v1
2026-02,2026,[02] February,"Dingalan, Aurora",[2] UAT,[B] Developmental,3rd,Mun,3rd,R3,v1
2026-02,2026,[02] February,"Dipaculao, Aurora",[1] Live,[A] Live,3rd,Mun,3rd,R3,v1
2026-02,2026,[02] February,"Gabaldon, Nueva Ecija",[2] UAT,[B] Developmental,4th,Mun,4th,R3,v1
2026-02,2026,[02] February,"Gerona, Tarlac",[1] Live,[A] Live,1st,Mun,1st,R3,v1
2026-02,2026,[02] February,"Iba, Zambales",[2] UAT,[B] Developmental,2nd,Mun,2nd,R3,v1
2026-02,2026,[02] February,"Limay, Bataan",[6] With Concerns,[C] For Training/Others,1st,Mun,1st,R3,v1
2026-02,2026,[02] February,"Macabebe, Pampanga",[6] With Concerns,[C] For Training/Others,1st,Mun,1st,R3,v1
2026-02,2026,[02] February,"Maria Aurora, Aurora",[1] Live,[A] Live,2nd,Mun,2nd,R3,v1
2026-02,2026,[02] February,"Norzagaray, Bulacan",[1] Live,[A] Live,1st,Mun,1st,R3,v1
2026-02,2026,[02] February,"San Antonio, Zambales",[2] UAT,[B] Developmental,2nd,Mun,2nd,R3,v1
2026-02,2026,[02] February,"San Luis, Pampanga",[6] With Concerns,[C] For Training/Others,3rd,Mun,3rd,R3,v1
2026-02,2026,[02] February,"San Narciso, Zambales",[1] Live,[A] Live,4th,Mun,4th,R3,v1
2026-02,2026,[02] February,"Santa Ignacia, Tarlac",[1] Live,[A] Live,2nd,Mun,2nd,R3,v1
2026-02,2026,[02] February,"Zaragoza, Nueva Ecija",[2] UAT,[B] Developmental,3rd,Mun,3rd,R3,v1
2026-02,2026,[02] February,"Aurora, Isabela",[6] With Concerns,[C] For Training/Others,3rd,Mun,3rd,R2,v1
2026-02,2026,[02] February,"City of Ilagan, Isabela",[1] Live,[A] Live,1st,City,1st,R2,v1
2026-02,2026,[02] February,"Aroroy, Masbate",[3] System Setup,[B] Developmental,1st,Mun,1st,R5,v1
2026-02,2026,[02] February,"Barcelona, Sorsogon",[3] System Setup,[B] Developmental,5th,Mun,5th,R5,v1
2026-02,2026,[02] February,"Capalonga, Camarines Norte",[3] System Setup,[B] Developmental,3rd,Mun,3rd,R5,v1
2026-02,2026,[02] February,"Jose Panganiban, Camarines Norte",[3] System Setup,[B] Developmental,2nd,Mun,2nd,R5,v1
2026-02,2026,[02] February,"Labo, Camarines Norte",[6] With Concerns,[C] For Training/Others,1st,Mun,1st,R5,v1
2026-02,2026,[02] February,"Mercedes, Camarines Norte",[3] System Setup,[B] Developmental,2nd,Mun,2nd,R5,v1
2026-02,2026,[02] February,"Talisay, Camarines Norte",[1] Live,[A] Live,4th,Mun,4th,R5,v1
2026-02,2026,[02] February,"Tiwi, Albay",[8] Withdraw,[D] Withdraw,1st,Mun,1st,R5,
2026-02,2026,[02] February,"Vinzons, Camarines Norte",[3] System Setup,[B] Developmental,3rd,Mun,3rd,R5,v1
2026-02,2026,[02] February,"Virac, Catanduanes",[6] With Concerns,[C] For Training/Others,1st,Mun,1st,R5,v1
2026-03,2026,[03] March,"Alimodian, Iloilo",[1] Live,[A] Live,3rd,Mun,3rd,R6,v1
2026-03,2026,[03] March,"Anilao, Iloilo",[1] Live,[A] Live,4th,Mun,4th,R6,v1
2026-03,2026,[03] March,"Balasan, Iloilo",[1] Live,[A] Live,4th,Mun,4th,R6,v1
2026-03,2026,[03] March,"Barbaza, Antique",[1] Live,[A] Live,4th,Mun,4th,R6,v1
2026-03,2026,[03] March,"Barotac Nuevo, Iloilo",[1] Live,[A] Live,2nd,Mun,2nd,R6,v1
2026-03,2026,[03] March,"Barotac Viejo, Iloilo",[5] Admin Training,[C] For Training/Others,3rd,Mun,3rd,R6,
2026-03,2026,[03] March,"Bingawan, Iloilo",[1] Live,[A] Live,5th,Mun,5th,R6,v1
2026-03,2026,[03] March,"Buenavista, Guimaras",[1] Live,[A] Live,2nd,Mun,2nd,R6,v1
2026-03,2026,[03] March,"Bugasong, Antique",[1] Live,[A] Live,3rd,Mun,3rd,R6,v1
2026-03,2026,[03] March,"Cabatuan, Iloilo",[1] Live,[A] Live,2nd,Mun,2nd,R6,v1
2026-03,2026,[03] March,"Calinog, Iloilo",[1] Live,[A] Live,1st,Mun,1st,R6,v1
2026-03,2026,[03] March,"Concepcion, Iloilo",[1] Live,[A] Live,3rd,Mun,3rd,R6,v1
2026-03,2026,[03] March,"Dingle, Iloilo",[1] Live,[A] Live,3rd,Mun,3rd,R6,v1
2026-03,2026,[03] March,"Janiuay, Iloilo",[1] Live,[A] Live,1st,Mun,1st,R6,v1
2026-03,2026,[03] March,"Lambunao, Iloilo",[5] Admin Training,[C] For Training/Others,1st,Mun,1st,R6,
2026-03,2026,[03] March,"Laua-An, Antique",[1] Live,[A] Live,4th,Mun,4th,R6,v1
2026-03,2026,[03] March,"Libertad, Antique",[1] Live,[A] Live,5th,Mun,5th,R6,v1
2026-03,2026,[03] March,"Miagao, Iloilo",[5] Admin Training,[C] For Training/Others,1st,Mun,1st,R6,
2026-03,2026,[03] March,"Mina, Iloilo",[1] Live,[A] Live,5th,Mun,5th,R6,v1
2026-03,2026,[03] March,"New Lucena, Iloilo",[1] Live,[A] Live,4th,Mun,4th,R6,v1
2026-03,2026,[03] March,"New Washington, Aklan",[1] Live,[A] Live,3rd,Mun,3rd,R6,v1
2026-03,2026,[03] March,"Oton, Iloilo",[8] Withdraw,[D] Withdraw,1st,Mun,1st,R6,
2026-03,2026,[03] March,"Pandan, Antique",[1] Live,[A] Live,4th,Mun,4th,R6,v1
2026-03,2026,[03] March,"Patnongon, Antique",[1] Live,[A] Live,3rd,Mun,3rd,R6,v1
2026-03,2026,[03] March,"San Joaquin, Iloilo",[5] Admin Training,[C] For Training/Others,2nd,Mun,2nd,R6,
2026-03,2026,[03] March,"San Remigio, Antique",[1] Live,[A] Live,3rd,Mun,3rd,R6,v1
2026-03,2026,[03] March,"Santa Barbara, Iloilo",[1] Live,[A] Live,2nd,Mun,2nd,R6,v1
2026-03,2026,[03] March,"Sapi-An, Capiz",[1] Live,[A] Live,4th,Mun,4th,R6,v1
2026-03,2026,[03] March,"Sara, Iloilo",[1] Live,[A] Live,2nd,Mun,2nd,R6,v1
2026-03,2026,[03] March,"Sebaste, Antique",[5] Admin Training,[C] For Training/Others,4th,Mun,4th,R6,
2026-03,2026,[03] March,"Tangalan, Aklan",[1] Live,[A] Live,5th,Mun,5th,R6,v1
2026-03,2026,[03] March,"Tapaz, Capiz",[1] Live,[A] Live,1st,Mun,1st,R6,v1
2026-03,2026,[03] March,"Tobias Fornier, Antique",[8] Withdraw,[D] Withdraw,4th,Mun,4th,R6,
2026-03,2026,[03] March,"Zarraga, Iloilo",[5] Admin Training,[C] For Training/Others,4th,Mun,4th,R6,
2026-03,2026,[03] March,"Alcantara, Cebu",[3] System Setup,[B] Developmental,5th,Mun,5th,R7,v1
2026-03,2026,[03] March,"Argao, Cebu",[1] Live,[A] Live,1st,Mun,1st,R7,v1
2026-03,2026,[03] March,"Balamban, Cebu",[1] Live,[A] Live,1st,Mun,1st,R7,v1
2026-03,2026,[03] March,"Buenavista, Bohol",[1] Live,[A] Live,4th,Mun,4th,R7,v1
2026-03,2026,[03] March,"Candijay, Bohol",[1] Live,[A] Live,4th,Mun,4th,R7,v1
2026-03,2026,[03] March,"City of Mandaue, Cebu",[3] System Setup,[B] Developmental,1st,City,1st,R7,v1
2026-03,2026,[03] March,"Compostela, Cebu",[3] System Setup,[B] Developmental,3rd,Mun,3rd,R7,v1
2026-03,2026,[03] March,"Daanbantayan, Cebu",[3] System Setup,[B] Developmental,1st,Mun,1st,R7,v1
2026-03,2026,[03] March,"Danao, Bohol",[1] Live,[A] Live,4th,Mun,4th,R7,v1
2026-03,2026,[03] March,"Madridejos, Cebu",[1] Live,[A] Live,4th,Mun,4th,R7,v1
2026-03,2026,[03] March,"Minglanilla, Cebu",[7] To Follow-up,[C] For Training/Others,1st,Mun,1st,R7,
2026-03,2026,[03] March,"Pinamungajan, Cebu",[1] Live,[A] Live,2nd,Mun,2nd,R7,v1
2026-03,2026,[03] March,"Samboan, Cebu",[6] With Concerns,[C] For Training/Others,5th,Mun,5th,R7,v1
2026-03,2026,[03] March,"San Francisco, Cebu",[2] UAT,[B] Developmental,3rd,Mun,3rd,R7,v1
2026-03,2026,[03] March,"Trinidad, Bohol",[1] Live,[A] Live,3rd,Mun,3rd,R7,v1
2026-03,2026,[03] March,"Tuburan, Cebu",[1] Live,[A] Live,2nd,Mun,2nd,R7,v1
2026-03,2026,[03] March,"Tudela, Cebu",[1] Live,[A] Live,5th,Mun,5th,R7,v1
2026-03,2026,[03] March,"City of Batac, Ilocos Norte",[1] Live,[A] Live,5th,City,5th,R1,v1
2026-03,2026,[03] March,"City of Laoag, Ilocos Norte",[5] Admin Training,[C] For Training/Others,3rd,City,3rd,R1,
2026-03,2026,[03] March,"Dasol, Pangasinan",[7] To Follow-up,[C] For Training/Others,3rd,Mun,3rd,R1,
2026-03,2026,[03] March,"Laoac, Pangasinan",[7] To Follow-up,[C] For Training/Others,4th,Mun,4th,R1,
2026-03,2026,[03] March,"Pagudpud, Ilocos Norte",[2] UAT,[B] Developmental,4th,Mun,4th,R1,v1
2026-03,2026,[03] March,"Pozorrubio, Pangasinan",[5] Admin Training,[C] For Training/Others,1st,Mun,1st,R1,
2026-03,2026,[03] March,"Aliaga, Nueva Ecija",[8] Withdraw,[D] Withdraw,2nd,Mun,2nd,R3,
2026-03,2026,[03] March,"Arayat, Pampanga",[1] Live,[A] Live,1st,Mun,1st,R3,v1
2026-03,2026,[03] March,"Baler, Aurora",[1] Live,[A] Live,3rd,Mun,3rd,R3,v1
2026-03,2026,[03] March,"Cabiao, Nueva Ecija",[3] System Setup,[B] Developmental,1st,Mun,1st,R3,v1
2026-03,2026,[03] March,"Casiguran, Aurora",[1] Live,[A] Live,2nd,Mun,2nd,R3,v1
2026-03,2026,[03] March,"City of Meycauayan, Bulacan",[8] Withdraw,[D] Withdraw,3rd,City,3rd,R3,
2026-03,2026,[03] March,"City of Olongapo, Zambales",[8] Withdraw,[D] Withdraw,1st,City,1st,R3,
2026-03,2026,[03] March,"City of Palayan, Nueva Ecija",[2] UAT,[B] Developmental,5th,City,5th,R3,v1
2026-03,2026,[03] March,"Dingalan, Aurora",[2] UAT,[B] Developmental,3rd,Mun,3rd,R3,v1
2026-03,2026,[03] March,"Dipaculao, Aurora",[1] Live,[A] Live,3rd,Mun,3rd,R3,v1
2026-03,2026,[03] March,"Gabaldon, Nueva Ecija",[2] UAT,[B] Developmental,4th,Mun,4th,R3,v1
2026-03,2026,[03] March,"Gerona, Tarlac",[1] Live,[A] Live,1st,Mun,1st,R3,v1
2026-03,2026,[03] March,"Iba, Zambales",[2] UAT,[B] Developmental,2nd,Mun,2nd,R3,v1
2026-03,2026,[03] March,"Limay, Bataan",[6] With Concerns,[C] For Training/Others,1st,Mun,1st,R3,v1
2026-03,2026,[03] March,"Macabebe, Pampanga",[6] With Concerns,[C] For Training/Others,1st,Mun,1st,R3,v1
2026-03,2026,[03] March,"Maria Aurora, Aurora",[1] Live,[A] Live,2nd,Mun,2nd,R3,v1
2026-03,2026,[03] March,"Norzagaray, Bulacan",[1] Live,[A] Live,1st,Mun,1st,R3,v1
2026-03,2026,[03] March,"San Antonio, Zambales",[2] UAT,[B] Developmental,2nd,Mun,2nd,R3,v1
2026-03,2026,[03] March,"San Luis, Pampanga",[6] With Concerns,[C] For Training/Others,3rd,Mun,3rd,R3,v1
2026-03,2026,[03] March,"San Narciso, Zambales",[1] Live,[A] Live,4th,Mun,4th,R3,v1
2026-03,2026,[03] March,"Santa Ignacia, Tarlac",[1] Live,[A] Live,2nd,Mun,2nd,R3,v1
2026-03,2026,[03] March,"Zaragoza, Nueva Ecija",[2] UAT,[B] Developmental,3rd,Mun,3rd,R3,v1
2026-03,2026,[03] March,"Dumingag, Zamboanga del Sur",[7] To Follow-up,[C] For Training/Others,2nd,Mun,2nd,R9,
2026-03,2026,[03] March,"Guipos, Zamboanga del Sur",[1] Live,[A] Live,4th,Mun,4th,R9,v1
2026-03,2026,[03] March,"Labangan, Zamboanga del Sur",[7] To Follow-up,[C] For Training/Others,3rd,Mun,3rd,R9,
2026-03,2026,[03] March,"Lakewood, Zamboanga del Sur",[1] Live,[A] Live,4th,Mun,4th,R9,v1
2026-03,2026,[03] March,"Polanco, Zamboanga del Norte",[1] Live,[A] Live,3rd,Mun,3rd,R9,v1
2026-03,2026,[03] March,"Pres. Manuel A. Roxas, Zamboanga del Norte",[7] To Follow-up,[C] For Training/Others,2nd,Mun,2nd,R9,
2026-03,2026,[03] March,"Rizal, Zamboanga del Norte",[2] UAT,[B] Developmental,5th,Mun,5th,R9,v1
2026-03,2026,[03] March,"San Pablo, Zamboanga del Sur",[7] To Follow-up,[C] For Training/Others,4th,Mun,4th,R9,
2026-03,2026,[03] March,"Siayan, Zamboanga del Norte",[1] Live,[A] Live,2nd,Mun,2nd,R9,v1
2026-03,2026,[03] March,"Sindangan, Zamboanga del Norte",[7] To Follow-up,[C] For Training/Others,1st,Mun,1st,R9,
2026-03,2026,[03] March,"Tabina, Zamboanga del Sur",[1] Live,[A] Live,4th,Mun,4th,R9,v1
2026-03,2026,[03] March,"Talipao, Sulu",[1] Live,[A] Live,1st,Mun,1st,BARMM I,v1
2026-03,2026,[03] March,"Titay, Zamboanga Sibugay",[1] Live,[A] Live,2nd,Mun,2nd,R9,v1
2026-03,2026,[03] March,"City of Tabuk, Kalinga",[1] Live,[A] Live,5th,City,5th,CAR,v1
2026-03,2026,[03] March,"Aurora, Isabela",[6] With Concerns,[C] For Training/Others,3rd,Mun,3rd,R2,v1
2026-03,2026,[03] March,"City of Ilagan, Isabela",[1] Live,[A] Live,1st,City,1st,R2,v1
2026-03,2026,[03] March,"Tumauini, Isabela",[1] Live,[A] Live,1st,Mun,1st,R2,v1
2026-03,2026,[03] March,"Jones, Isabela",[1] Live,[A] Live,1st,Mun,1st,R2,v1
2026-03,2026,[03] March,"Aloran, Misamis Occidental",[1] Live,[A] Live,4th,Mun,4th,R10,v1
2026-03,2026,[03] March,"Bacolod, Lanao del Norte",[1] Live,[A] Live,4th,Mun,4th,R10,v1
2026-03,2026,[03] March,"Baroy, Lanao del Norte",[3] System Setup,[B] Developmental,4th,Mun,4th,R10,v1
2026-03,2026,[03] March,"Bonifacio, Misamis Occidental",[7] To Follow-up,[C] For Training/Others,4th,Mun,4th,R10,
2026-03,2026,[03] March,"Calamba, Misamis Occidental",[1] Live,[A] Live,4th,Mun,4th,R10,v1
2026-03,2026,[03] March,"Catarman, Camiguin",[2] UAT,[B] Developmental,5th,Mun,5th,R10,v1
2026-03,2026,[03] March,"City of Gingoog, Misamis Oriental",[1] Live,[A] Live,2nd,City,2nd,R10,v1
2026-03,2026,[03] March,"City of Tangub, Misamis Occidental",[5] Admin Training,[C] For Training/Others,4th,City,4th,R10,
2026-03,2026,[03] March,"Clarin, Misamis Occidental",[5] Admin Training,[C] For Training/Others,4th,Mun,4th,R10,
2026-03,2026,[03] March,"Claveria, Misamis Oriental",[1] Live,[A] Live,1st,Mun,1st,R10,v1
2026-03,2026,[03] March,"Jasaan, Misamis Oriental",[1] Live,[A] Live,2nd,Mun,2nd,R10,v1
2026-03,2026,[03] March,"Kapatagan, Lanao del Norte",[1] Live,[A] Live,2nd,Mun,2nd,R10,v1
2026-03,2026,[03] March,"Lagonglong, Misamis Oriental",[1] Live,[A] Live,5th,Mun,5th,R10,v1
2026-03,2026,[03] March,"Libertad, Misamis Oriental",[1] Live,[A] Live,5th,Mun,5th,R10,v1
2026-03,2026,[03] March,"Mahinog, Camiguin",[1] Live,[A] Live,5th,Mun,5th,R10,v1
2026-03,2026,[03] March,"Maigo, Lanao del Norte",[1] Live,[A] Live,4th,Mun,4th,R10,v1
2026-03,2026,[03] March,"Mambajao, Camiguin",[1] Live,[A] Live,3rd,Mun,3rd,R10,v1
2026-03,2026,[03] March,"Manticao, Misamis Oriental",[1] Live,[A] Live,4th,Mun,4th,R10,v1
2026-03,2026,[03] March,"Naawan, Misamis Oriental",[1] Live,[A] Live,4th,Mun,4th,R10,v1
2026-03,2026,[03] March,"Plaridel, Misamis Occidental",[1] Live,[A] Live,3rd,Mun,3rd,R10,v1
2026-03,2026,[03] March,"Sagay, Camiguin",[1] Live,[A] Live,5th,Mun,5th,R10,v1
2026-03,2026,[03] March,"Salay, Misamis Oriental",[1] Live,[A] Live,4th,Mun,4th,R10,v1
2026-03,2026,[03] March,"Sinacaban, Misamis Occidental",[1] Live,[A] Live,5th,Mun,5th,R10,v1
2026-03,2026,[03] March,"Tagoloan, Misamis Oriental",[8] Withdraw,[D] Withdraw,1st,Mun,1st,R10,
2026-03,2026,[03] March,"Talisayan, Misamis Oriental",[1] Live,[A] Live,4th,Mun,4th,R10,v1
2026-03,2026,[03] March,"Tubod, Lanao del Norte",[7] To Follow-up,[C] For Training/Others,2nd,Mun,2nd,R10,
2026-03,2026,[03] March,"City of El Salvador, Misamis Oriental",[5] Admin Training,[C] For Training/Others,6th,City,6th,R10,
2026-03,2026,[03] March,"Alabat, Quezon",[1] Live,[A] Live,5th,Mun,5th,R4A,v1
2026-03,2026,[03] March,"Alfonso, Cavite",[1] Live,[A] Live,1st,Mun,1st,R4A,v1
2026-03,2026,[03] March,"Amadeo, Cavite",[2] UAT,[B] Developmental,4th,Mun,4th,R4A,v1
2026-03,2026,[03] March,"Balayan, Batangas",[1] Live,[A] Live,1st,Mun,1st,R4A,v1
2026-03,2026,[03] March,"Candelaria, Quezon",[1] Live,[A] Live,1st,Mun,1st,R4A,v1
2026-03,2026,[03] March,"Cardona, Rizal",[3] System Setup,[B] Developmental,3rd,Mun,3rd,R4A,v1
2026-03,2026,[03] March,"Cavinti, Laguna",[2] UAT,[B] Developmental,3rd,Mun,3rd,R4A,v1
2026-03,2026,[03] March,"General Luna, Quezon",[1] Live,[A] Live,4th,Mun,4th,R4A,v1
2026-03,2026,[03] March,"General Nakar, Quezon",[1] Live,[A] Live,1st,Mun,1st,R4A,v1
2026-03,2026,[03] March,"Gumaca, Quezon",[7] To Follow-up,[C] For Training/Others,1st,Mun,1st,R4A,
2026-03,2026,[03] March,"Infanta, Quezon",[1] Live,[A] Live,1st,Mun,1st,R4A,v1
2026-03,2026,[03] March,"Lemery, Batangas",[8] Withdraw,[D] Withdraw,1st,Mun,1st,R4A,
2026-03,2026,[03] March,"Lian, Batangas",[1] Live,[A] Live,3rd,Mun,3rd,R4A,v1
2026-03,2026,[03] March,"Mabini, Batangas",[1] Live,[A] Live,1st,Mun,1st,R4A,v1
2026-03,2026,[03] March,"Magallanes, Cavite",[1] Live,[A] Live,4th,Mun,4th,R4A,v1
2026-03,2026,[03] March,"Mauban, Quezon",[1] Live,[A] Live,1st,Mun,1st,R4A,v1
2026-03,2026,[03] March,"Naic, Cavite",[1] Live,[A] Live,1st,Mun,1st,R4A,v1
2026-03,2026,[03] March,"Paete, Laguna",[1] Live,[A] Live,4th,Mun,4th,R4A,v1
2026-03,2026,[03] March,"Pitogo, Quezon",[2] UAT,[B] Developmental,4th,Mun,4th,R4A,v1
2026-03,2026,[03] March,"Sampaloc, Quezon",[1] Live,[A] Live,5th,Mun,5th,R4A,v1
2026-03,2026,[03] March,"San Luis, Batangas",[1] Live,[A] Live,4th,Mun,4th,R4A,v1
2026-03,2026,[03] March,"San Nicolas, Batangas",[1] Live,[A] Live,5th,Mun,5th,R4A,v1
2026-03,2026,[03] March,"Santa Teresita, Batangas",[1] Live,[A] Live,5th,Mun,5th,R4A,v1
2026-03,2026,[03] March,"Taal, Batangas",[1] Live,[A] Live,3rd,Mun,3rd,R4A,v1
2026-03,2026,[03] March,"Tanay, Rizal",[3] System Setup,[B] Developmental,1st,Mun,1st,R4A,v1
2026-03,2026,[03] March,"Bansalan, Davao del Sur",[1] Live,[A] Live,1st,Mun,1st,R11,v1
2026-03,2026,[03] March,"Boston, Davao Oriental",[1] Live,[A] Live,3rd,Mun,3rd,R11,v1
2026-03,2026,[03] March,"Carmen, Davao del Norte",[1] Live,[A] Live,1st,Mun,1st,R11,v1
2026-03,2026,[03] March,"Cateel, Davao Oriental",[1] Live,[A] Live,2nd,Mun,2nd,R11,v1
2026-03,2026,[03] March,"City of Digos, Davao del Sur",[1] Live,[A] Live,2nd,City,2nd,R11,v1
2026-03,2026,[03] March,"City of Mati, Davao Oriental",[1] Live,[A] Live,5th,City,5th,R11,v1
2026-03,2026,[03] March,"Governor Generoso, Davao Oriental",[2] UAT,[B] Developmental,2nd,Mun,2nd,R11,v1
2026-03,2026,[03] March,"Lupon, Davao Oriental",[1] Live,[A] Live,1st,Mun,1st,R11,v1
2026-03,2026,[03] March,"Malalag, Davao del Sur",[1] Live,[A] Live,2nd,Mun,2nd,R11,v1
2026-03,2026,[03] March,"Manay, Davao Oriental",[1] Live,[A] Live,2nd,Mun,2nd,R11,v1
2026-03,2026,[03] March,"Maragusan, Davao de Oro",[1] Live,[A] Live,1st,Mun,1st,R11,v1
2026-03,2026,[03] March,"Matanao, Davao del Sur",[1] Live,[A] Live,2nd,Mun,2nd,R11,v1
2026-03,2026,[03] March,"Padada, Davao del Sur",[1] Live,[A] Live,3rd,Mun,3rd,R11,v1
2026-03,2026,[03] March,"Santa Cruz, Davao del Sur",[2] UAT,[B] Developmental,1st,Mun,1st,R11,v1
2026-03,2026,[03] March,"Sulop, Davao del Sur",[1] Live,[A] Live,3rd,Mun,3rd,R11,v1
2026-03,2026,[03] March,"Tarragona, Davao Oriental",[1] Live,[A] Live,3rd,Mun,3rd,R11,v1
2026-03,2026,[03] March,"Magsaysay, Davao del Sur",[1] Live,[A] Live,3rd,Mun,3rd,R11,v1
2026-03,2026,[03] March,"New Bataan, Davao de Oro",[1] Live,[A] Live,1st,Mun,1st,R11,v1
2026-03,2026,[03] March,"Kiblawan, Davao del Sur",[2] UAT,[B] Developmental,2nd,Mun,2nd,R11,v1
2026-03,2026,[03] March,"Aroroy, Masbate",[3] System Setup,[B] Developmental,1st,Mun,1st,R5,v1
2026-03,2026,[03] March,"Barcelona, Sorsogon",[3] System Setup,[B] Developmental,5th,Mun,5th,R5,v1
2026-03,2026,[03] March,"Capalonga, Camarines Norte",[3] System Setup,[B] Developmental,3rd,Mun,3rd,R5,v1
2026-03,2026,[03] March,"Jose Panganiban, Camarines Norte",[3] System Setup,[B] Developmental,2nd,Mun,2nd,R5,v1
2026-03,2026,[03] March,"Labo, Camarines Norte",[6] With Concerns,[C] For Training/Others,1st,Mun,1st,R5,v1
2026-03,2026,[03] March,"Mercedes, Camarines Norte",[3] System Setup,[B] Developmental,2nd,Mun,2nd,R5,v1
2026-03,2026,[03] March,"Talisay, Camarines Norte",[1] Live,[A] Live,4th,Mun,4th,R5,v1
2026-03,2026,[03] March,"Tiwi, Albay",[8] Withdraw,[D] Withdraw,1st,Mun,1st,R5,
2026-03,2026,[03] March,"Vinzons, Camarines Norte",[3] System Setup,[B] Developmental,3rd,Mun,3rd,R5,v1
2026-03,2026,[03] March,"Virac, Catanduanes",[6] With Concerns,[C] For Training/Others,1st,Mun,1st,R5,v1
2026-03,2026,[03] March,"Bayabas, Surigao del Sur",[1] Live,[A] Live,5th,Mun,5th,R13,v1
2026-03,2026,[03] March,"Carmen, Surigao del Sur",[1] Live,[A] Live,5th,Mun,5th,R13,v1
2026-03,2026,[03] March,"Las Nieves, Agusan del Norte",[1] Live,[A] Live,2nd,Mun,2nd,R13,v1
2026-03,2026,[03] March,"Lingig, Surigao del Sur",[7] To Follow-up,[C] For Training/Others,2nd,Mun,2nd,R13,
2026-03,2026,[03] March,"San Agustin, Surigao del Sur",[2] UAT,[B] Developmental,4th,Mun,4th,R13,v1
2026-03,2026,[03] March,"San Miguel, Surigao del Sur",[1] Live,[A] Live,1st,Mun,1st,R13,v1
2026-03,2026,[03] March,"Socorro, Surigao del Norte",[1] Live,[A] Live,4th,Mun,4th,R13,v1
2026-03,2026,[03] March,"Tagana-An, Surigao del Norte",[1] Live,[A] Live,5th,Mun,5th,R13,v1
2026-03,2026,[03] March,"Tagbina, Surigao del Sur",[1] Live,[A] Live,2nd,Mun,2nd,R13,v1
2026-03,2026,[03] March,"Tago, Surigao del Sur",[1] Live,[A] Live,2nd,Mun,2nd,R13,v1
2026-03,2026,[03] March,"Trento, Agusan del Sur",[2] UAT,[B] Developmental,1st,Mun,1st,R13,v1
2026-03,2026,[03] March,"Tubod, Surigao del Norte",[1] Live,[A] Live,5th,Mun,5th,R13,v1
2026-03,2026,[03] March,"Amlan, Negros Oriental",[3] System Setup,[B] Developmental,4th,Mun,4th,NIR,v1
2026-03,2026,[03] March,"Basay, Negros Oriental",[1] Live,[A] Live,4th,Mun,4th,NIR,v1
2026-03,2026,[03] March,"City of Bacolod, Negros Occidental",[1] Live,[A] Live,1st,City,1st,NIR,v1
2026-03,2026,[03] March,"City of Canlaon, Negros Oriental",[1] Live,[A] Live,4th,City,4th,NIR,v1
2026-03,2026,[03] March,"City of Dumaguete, Negros Oriental",[7] To Follow-up,[C] For Training/Others,3rd,City,3rd,NIR,
2026-03,2026,[03] March,"City of Himamaylan, Negros Occidental",[1] Live,[A] Live,3rd,City,3rd,NIR,v1
2026-03,2026,[03] March,"City of Kabankalan, Negros Occidental",[1] Live,[A] Live,1st,City,1st,NIR,v1
2026-03,2026,[03] March,"City of Sipalay, Negros Occidental",[1] Live,[A] Live,4th,City,4th,NIR,v1
2026-03,2026,[03] March,"Hinigaran, Negros Occidental",[1] Live,[A] Live,1st,Mun,1st,NIR,v1
2026-03,2026,[03] March,"Manapla, Negros Occidental",[1] Live,[A] Live,2nd,Mun,2nd,NIR,v1
2026-03,2026,[03] March,"Moises Padilla, Negros Occidental",[1] Live,[A] Live,3rd,Mun,3rd,NIR,v1
2026-03,2026,[03] March,"San Jose, Negros Oriental",[2] UAT,[B] Developmental,5th,Mun,5th,NIR,v1
2026-03,2026,[03] March,"Abuyog, Leyte",[1] Live,[A] Live,1st,Mun,1st,R8,v1
2026-03,2026,[03] March,"Alangalang, Leyte",[1] Live,[A] Live,2nd,Mun,2nd,R8,v1
2026-03,2026,[03] March,"Albuera, Leyte",[1] Live,[A] Live,3rd,Mun,3rd,R8,v1
2026-03,2026,[03] March,"Basey, Samar",[1] Live,[A] Live,1st,Mun,1st,R8,v1
2026-03,2026,[03] March,"Bontoc, Southern Leyte",[2] UAT,[B] Developmental,4th,Mun,4th,R8,v1
2026-03,2026,[03] March,"Caibiran, Biliran",[1] Live,[A] Live,5th,Mun,5th,R8,v1
2026-03,2026,[03] March,"Carigara, Leyte",[1] Live,[A] Live,2nd,Mun,2nd,R8,v1
2026-03,2026,[03] March,"City of Borongan, Eastern Samar",[1] Live,[A] Live,1st,City,1st,R8,v1
2026-03,2026,[03] March,"City of Catbalogan, Samar",[1] Live,[A] Live,5th,City,5th,R8,v1
2026-03,2026,[03] March,"City of Maasin, Southern Leyte",[1] Live,[A] Live,4th,City,4th,R8,v1
2026-03,2026,[03] March,"Gandara, Samar",[2] UAT,[B] Developmental,2nd,Mun,2nd,R8,v1
2026-03,2026,[03] March,"Guiuan, Eastern Samar",[1] Live,[A] Live,2nd,Mun,2nd,R8,v1
2026-03,2026,[03] March,"Hilongos, Leyte",[2] UAT,[B] Developmental,2nd,Mun,2nd,R8,v1
2026-03,2026,[03] March,"Hindang, Leyte",[1] Live,[A] Live,5th,Mun,5th,R8,v1
2026-03,2026,[03] March,"Inopacan, Leyte",[1] Live,[A] Live,4th,Mun,4th,R8,v1
2026-03,2026,[03] March,"Javier, Leyte",[1] Live,[A] Live,4th,Mun,4th,R8,v1
2026-03,2026,[03] March,"Jiabong, Samar",[1] Live,[A] Live,5th,Mun,5th,R8,v1
2026-03,2026,[03] March,"Kananga, Leyte",[1] Live,[A] Live,1st,Mun,1st,R8,v1
2026-03,2026,[03] March,"Kawayan, Biliran",[8] Withdraw,[D] Withdraw,5th,Mun,5th,R8,
2026-03,2026,[03] March,"La Paz, Leyte",[1] Live,[A] Live,5th,Mun,5th,R8,v1
2026-03,2026,[03] March,"Leyte, Leyte",[1] Live,[A] Live,4th,Mun,4th,R8,v1
2026-03,2026,[03] March,"Liloan, Southern Leyte",[1] Live,[A] Live,4th,Mun,4th,R8,v1
2026-03,2026,[03] March,"Macrohon, Southern Leyte",[1] Live,[A] Live,4th,Mun,4th,R8,v1
2026-03,2026,[03] March,"Malitbog, Southern Leyte",[2] UAT,[B] Developmental,4th,Mun,4th,R8,v1
2026-03,2026,[03] March,"Mayorga, Leyte",[2] UAT,[B] Developmental,5th,Mun,5th,R8,v1
2026-03,2026,[03] March,"Motiong, Samar",[2] UAT,[B] Developmental,4th,Mun,4th,R8,v1
2026-03,2026,[03] March,"Naval, Biliran",[1] Live,[A] Live,2nd,Mun,2nd,R8,v1
2026-03,2026,[03] March,"Padre Burgos, Southern Leyte",[2] UAT,[B] Developmental,5th,Mun,5th,R8,v1
2026-03,2026,[03] March,"Palo, Leyte",[1] Live,[A] Live,3rd,Mun,3rd,R8,v1
2026-03,2026,[03] March,"Pambujan, Northern Samar",[1] Live,[A] Live,4th,Mun,4th,R8,v1
2026-03,2026,[03] March,"Paranas, Samar",[1] Live,[A] Live,2nd,Mun,2nd,R8,v1
2026-03,2026,[03] March,"Pastrana, Leyte",[1] Live,[A] Live,5th,Mun,5th,R8,v1
2026-03,2026,[03] March,"San Juan, Southern Leyte",[1] Live,[A] Live,5th,Mun,5th,R8,v1
2026-03,2026,[03] March,"San Roque, Northern Samar",[1] Live,[A] Live,4th,Mun,4th,R8,v1
2026-03,2026,[03] March,"Santa Rita, Samar",[2] UAT,[B] Developmental,3rd,Mun,3rd,R8,v1
2026-03,2026,[03] March,"Sogod, Southern Leyte",[1] Live,[A] Live,2nd,Mun,2nd,R8,v1
2026-03,2026,[03] March,"Sulat, Eastern Samar",[2] UAT,[B] Developmental,4th,Mun,4th,R8,v1
2026-03,2026,[03] March,"Taft, Eastern Samar",[2] UAT,[B] Developmental,4th,Mun,4th,R8,v1
2026-03,2026,[03] March,"Tomas Oppus, Southern Leyte",[1] Live,[A] Live,5th,Mun,5th,R8,v1
2026-03,2026,[03] March,"Upi, Maguindanao del Norte",[1] Live,[A] Live,1st,Mun,1st,BARMM II,v1
2026-03,2026,[03] March,"Bagumbayan, Sultan Kudarat",[3] System Setup,[B] Developmental,1st,Mun,1st,R12,v1
2026-03,2026,[03] March,"City of Kidapawan, Cotabato",[1] Live,[A] Live,3rd,City,3rd,R12,v1
2026-03,2026,[03] March,"Kabacan, Cotabato",[1] Live,[A] Live,1st,Mun,1st,R12,v1
2026-03,2026,[03] March,"Lebak, Sultan Kudarat",[7] To Follow-up,[C] For Training/Others,1st,Mun,1st,R12,
2026-03,2026,[03] March,"M'Lang, Cotabato",[3] System Setup,[B] Developmental,1st,Mun,1st,R12,v1
2026-03,2026,[03] March,"Midsayap, Cotabato",[1] Live,[A] Live,1st,Mun,1st,R12,v1
2026-03,2026,[03] March,"Pigkawayan, Cotabato",[3] System Setup,[B] Developmental,1st,Mun,1st,R12,v1
2026-03,2026,[03] March,"Pikit, Cotabato",[1] Live,[A] Live,1st,Mun,1st,R12,v1
2026-03,2026,[03] March,"Aborlan, Palawan",[6] With Concerns,[C] For Training/Others,1st,Mun,1st,R4B,v1
2026-03,2026,[03] March,"Alcantara, Romblon",[1] Live,[A] Live,5th,Mun,5th,R4B,v1
2026-03,2026,[03] March,"Baco, Oriental Mindoro",[1] Live,[A] Live,3rd,Mun,3rd,R4B,v1
2026-03,2026,[03] March,"Banton, Romblon",[1] Live,[A] Live,5th,Mun,5th,R4B,v1
2026-03,2026,[03] March,"Bataraza, Palawan",[5] Admin Training,[C] For Training/Others,1st,Mun,1st,R4B,
2026-03,2026,[03] March,"Brooke'S Point, Palawan",[5] Admin Training,[C] For Training/Others,1st,Mun,1st,R4B,
2026-03,2026,[03] March,"Busuanga, Palawan",[1] Live,[A] Live,3rd,Mun,3rd,R4B,v1
2026-03,2026,[03] March,"Calintaan, Occidental Mindoro",[1] Live,[A] Live,3rd,Mun,3rd,R4B,v1
2026-03,2026,[03] March,"Coron, Palawan",[1] Live,[A] Live,1st,Mun,1st,R4B,v1
2026-03,2026,[03] March,"El Nido, Palawan",[1] Live,[A] Live,1st,Mun,1st,R4B,v1
2026-03,2026,[03] March,"Ferrol, Romblon",[1] Live,[A] Live,6th,Mun,6th,R4B,v1
2026-03,2026,[03] March,"Gloria, Oriental Mindoro",[1] Live,[A] Live,3rd,Mun,3rd,R4B,v1
2026-03,2026,[03] March,"Looc, Romblon",[1] Live,[A] Live,4th,Mun,4th,R4B,v1
2026-03,2026,[03] March,"Mamburao, Occidental Mindoro",[2] UAT,[B] Developmental,2nd,Mun,2nd,R4B,v1
2026-03,2026,[03] March,"Mansalay, Oriental Mindoro",[2] UAT,[B] Developmental,2nd,Mun,2nd,R4B,v1
2026-03,2026,[03] March,"Pinamalayan, Oriental Mindoro",[1] Live,[A] Live,1st,Mun,1st,R4B,v1
2026-03,2026,[03] March,"Rizal, Occidental Mindoro",[1] Live,[A] Live,3rd,Mun,3rd,R4B,v1
2026-03,2026,[03] March,"Sablayan, Occidental Mindoro",[1] Live,[A] Live,1st,Mun,1st,R4B,v1
2026-03,2026,[03] March,"San Jose, Occidental Mindoro",[1] Live,[A] Live,1st,Mun,1st,R4B,v1
2026-03,2026,[03] March,"San Teodoro, Oriental Mindoro",[1] Live,[A] Live,4th,Mun,4th,R4B,v1
2026-03,2026,[03] March,"San Vicente, Palawan",[1] Live,[A] Live,1st,Mun,1st,R4B,v1